gene	replicon	start	end
gene-BB_RS00005	chromosome	105	677
gene-BB_RS00010	chromosome	768	1796
gene-BB_RS00015	chromosome	1784	3249
gene-BB_RS00020	chromosome	3395	5188
gene-BB_RS00025	chromosome	5251	6306
gene-BB_RS00030	chromosome	6309	7397
gene-BB_RS00035	chromosome	7458	8315
gene-BB_RS00040	chromosome	8427	9197
gene-BB_RS00045	chromosome	9202	10206
gene-BB_RS00050	chromosome	10203	10577
gene-BB_RS00055	chromosome	10581	11420
gene-BB_RS00060	chromosome	11421	12161
gene-BB_RS00065	chromosome	12154	12753
gene-BB_RS00070	chromosome	12746	14728
gene-BB_RS00075	chromosome	14725	15345
gene-BB_RS00080	chromosome	15345	15716
gene-BB_RS00085	chromosome	15845	16804
gene-BB_RS00090	chromosome	16807	17787
gene-BB_RS00095	chromosome	17792	18304
gene-BB_RS00100	chromosome	18312	19979
gene-BB_RS00105	chromosome	20051	21083
gene-BB_RS00110	chromosome	21058	22101
gene-BB_RS00115	chromosome	22146	22739
gene-BB_RS00120	chromosome	22819	23958
gene-BB_RS00125	chromosome	23965	24696
gene-BB_RS00130	chromosome	24697	25602
gene-BB_RS00135	chromosome	25753	26391
gene-BB_RS00140	chromosome	26399	27448
gene-BB_RS00145	chromosome	27434	27865
gene-BB_RS00150	chromosome	27855	28490
gene-BB_RS00155	chromosome	28492	29472
gene-BB_RS00160	chromosome	29543	31015
gene-BB_RS00165	chromosome	31027	31479
gene-BB_RS00170	chromosome	31550	32089
gene-BB_RS00175	chromosome	32157	34037
gene-BB_RS00180	chromosome	34037	35836
gene-BB_RS00185	chromosome	35857	36609
gene-BB_RS00190	chromosome	36606	38123
gene-BB_RS00195	chromosome	38136	39638
gene-BB_RS00200	chromosome	39826	40677
gene-BB_RS00205	chromosome	40761	41432
gene-BB_RS00210	chromosome	41443	42483
gene-BB_RS00215	chromosome	42480	42881
gene-BB_RS00220	chromosome	42907	45354
gene-BB_RS00225	chromosome	45446	45991
gene-BB_RS00230	chromosome	46011	46379
gene-BB_RS00245	chromosome	47167	47841
gene-BB_RS00250	chromosome	47917	48606
gene-BB_RS00255	chromosome	48603	49259
gene-BB_RS00260	chromosome	49341	50012
gene-BB_RS00265	chromosome	50112	50474
gene-BB_RS00270	chromosome	50490	51251
gene-BB_RS00275	chromosome	51253	52434
gene-BB_RS00280	chromosome	52454	53461
gene-BB_RS00285	chromosome	53534	55504
gene-BB_RS00290	chromosome	55501	56280
gene-BB_RS00295	chromosome	56281	56748
gene-BB_RS00300	chromosome	56832	57185
gene-BB_RS00305	chromosome	57259	57975
gene-BB_RS00310	chromosome	58029	59036
gene-BB_RS00315	chromosome	59101	60039
gene-BB_RS00320	chromosome	60036	60533
gene-BB_RS00325	chromosome	60568	61257
gene-BB_RS00330	chromosome	61254	63032
gene-BB_RS00335	chromosome	63147	64028
gene-BB_RS00340	chromosome	64038	65276
gene-BB_RS00345	chromosome	65291	65752
gene-BB_RS00350	chromosome	65768	67240
gene-BB_RS00355	chromosome	67248	69569
gene-BB_RS00360	chromosome	69566	70126
gene-BB_RS00365	chromosome	70142	71219
gene-BB_RS00370	chromosome	71201	72610
gene-BB_RS00375	chromosome	72647	73492
gene-BB_RS00380	chromosome	73489	74517
gene-BB_RS00385	chromosome	74518	75772
gene-BB_RS00390	chromosome	75774	76454
gene-BB_RS00395	chromosome	76451	77701
gene-BB_RS00400	chromosome	77711	79009
gene-BB_RS00405	chromosome	79002	79322
gene-BB_RS00410	chromosome	79505	80773
gene-BB_RS00415	chromosome	80983	81408
gene-BB_RS00420	chromosome	81405	82940
gene-BB_RS00425	chromosome	82970	83920
gene-BB_RS00430	chromosome	84041	85840
gene-BB_RS00435	chromosome	85880	86854
gene-BB_RS00440	chromosome	86926	87360
gene-BB_RS00445	chromosome	87377	89203
gene-BB_RS00450	chromosome	89200	89808
gene-BB_RS00455	chromosome	89811	91115
gene-BB_RS00460	chromosome	91137	92864
gene-BB_RS00465	chromosome	92878	93423
gene-BB_RS00470	chromosome	93433	94032
gene-BB_RS00475	chromosome	94219	94605
gene-BB_RS00480	chromosome	94611	96953
gene-BB_RS00485	chromosome	96943	97866
gene-BB_RS00490	chromosome	97863	98648
gene-BB_RS00495	chromosome	98817	100205
gene-BB_RS00500	chromosome	100228	100749
gene-BB_RS00505	chromosome	100746	101339
gene-BB_RS00510	chromosome	101525	102949
gene-BB_RS00515	chromosome	103016	103771
gene-BB_RS00520	chromosome	103764	105431
gene-BB_RS00525	chromosome	105418	105846
gene-BB_RS00530	chromosome	105884	106894
gene-BB_RS00535	chromosome	106974	108170
gene-BB_RS00540	chromosome	108307	109671
gene-BB_RS00545	chromosome	109675	111042
gene-BB_RS00550	chromosome	111046	111567
gene-BB_RS00555	chromosome	111585	111875
gene-BB_RS00560	chromosome	111889	112338
gene-BB_RS00565	chromosome	112350	112769
gene-BB_RS00570	chromosome	112909	114603
gene-BB_RS00575	chromosome	114807	115508
gene-BB_RS00580	chromosome	115505	116806
gene-BB_RS00585	chromosome	116825	117676
gene-BB_RS00590	chromosome	117678	118370
gene-BB_RS00595	chromosome	118375	118929
gene-BB_RS00600	chromosome	118964	119803
gene-BB_RS00605	chromosome	119807	120589
gene-BB_RS00610	chromosome	120804	121082
gene-BB_RS00615	chromosome	121101	121823
gene-BB_RS00620	chromosome	121880	122491
gene-BB_RS00625	chromosome	122491	124146
gene-BB_RS00630	chromosome	124149	124814
gene-BB_RS00635	chromosome	124798	125547
gene-BB_RS00640	chromosome	125534	126301
gene-BB_RS00645	chromosome	126316	127413
gene-BB_RS00650	chromosome	127427	130132
gene-BB_RS00655	chromosome	130170	131114
gene-BB_RS00660	chromosome	131298	132425
gene-BB_RS00665	chromosome	132472	133842
gene-BB_RS00670	chromosome	133975	135864
gene-BB_RS00675	chromosome	135874	137766
gene-BB_RS00685	chromosome	138434	138745
gene-BB_RS00690	chromosome	138747	141960
gene-BB_RS00695	chromosome	141979	142932
gene-BB_RS00700	chromosome	142944	144230
gene-BB_RS00705	chromosome	144307	144597
gene-BB_RS00710	chromosome	144586	145458
gene-BB_RS00715	chromosome	145471	146370
gene-BB_RS00720	chromosome	146377	147495
gene-BB_RS00725	chromosome	147649	148659
gene-BB_RS00730	chromosome	148786	150783
gene-BB_RS00735	chromosome	150974	152179
gene-BB_RS00740	chromosome	152206	153012
gene-BB_RS00745	chromosome	153075	153686
gene-BB_RS00750	chromosome	153701	156400
gene-BB_RS00755	chromosome	156462	157598
gene-BB_RS00760	chromosome	157627	158061
gene-BB_RS00765	chromosome	158058	158474
gene-BB_RS00770	chromosome	158628	159344
gene-BB_RS00775	chromosome	159368	160042
gene-BB_RS00780	chromosome	160090	161208
gene-BB_RS00785	chromosome	161200	162801
gene-BB_RS00790	chromosome	163072	164820
gene-BB_RS00795	chromosome	164901	165887
gene-BB_RS00800	chromosome	165915	167759
gene-BB_RS00805	chromosome	167879	169399
gene-BB_RS00810	chromosome	169539	170708
gene-BB_RS00815	chromosome	170720	171097
gene-BB_RS00820	chromosome	171263	171484
gene-BB_RS00825	chromosome	171532	173535
gene-BB_RS00830	chromosome	173529	174116
gene-BB_RS00835	chromosome	174098	175084
gene-BB_RS00840	chromosome	175081	176082
gene-BB_RS00845	chromosome	176069	176974
gene-BB_RS00850	chromosome	176978	177853
gene-BB_RS00855	chromosome	177868	178860
gene-BB_RS00860	chromosome	178917	179543
gene-BB_RS00865	chromosome	179540	181405
gene-BB_RS00870	chromosome	181408	182802
gene-BB_RS00875	chromosome	182886	183380
gene-BB_RS00880	chromosome	183392	185275
gene-BB_RS00885	chromosome	185278	186552
gene-BB_RS00890	chromosome	186554	186946
gene-BB_RS00895	chromosome	186949	187194
gene-BB_RS00900	chromosome	187178	187831
gene-BB_RS00905	chromosome	187824	188237
gene-BB_RS00910	chromosome	188234	188494
gene-BB_RS00915	chromosome	188708	189055
gene-BB_RS00920	chromosome	189076	189276
gene-BB_RS00925	chromosome	189299	189859
gene-BB_RS00930	chromosome	190064	190717
gene-BB_RS00935	chromosome	190719	191459
gene-BB_RS00940	chromosome	191518	192327
gene-BB_RS00945	chromosome	192324	193463
gene-BB_RS00950	chromosome	193800	194873
gene-BB_RS00955	chromosome	194876	195736
gene-BB_RS00960	chromosome	195693	197696
gene-BB_RS00965	chromosome	197686	199950
gene-BB_RS00970	chromosome	199965	201050
gene-BB_RS00975	chromosome	201052	202578
gene-BB_RS00985	chromosome	202850	204088
gene-BB_RS00990	chromosome	204137	205072
gene-BB_RS00995	chromosome	205073	206044
gene-BB_RS01010	chromosome	206529	208106
gene-BB_RS01015	chromosome	208084	208653
gene-BB_RS01020	chromosome	208706	209542
gene-BB_RS01025	chromosome	209529	211274
gene-BB_RS01030	chromosome	211301	212068
gene-BB_RS01035	chromosome	212061	215420
gene-BB_RS01040	chromosome	215427	217259
gene-BB_RS01045	chromosome	217278	218312
gene-BB_RS01055	chromosome	218425	219078
gene-BB_RS01060	chromosome	219056	219634
gene-BB_RS01065	chromosome	219800	220639
gene-BB_RS01070	chromosome	220729	221637
gene-BB_RS01075	chromosome	221742	223178
gene-BB_RS01080	chromosome	223179	223961
gene-BB_RS01085	chromosome	223964	224785
gene-BB_RS01090	chromosome	224826	226610
gene-BB_RS01095	chromosome	226610	227827
gene-BB_RS01100	chromosome	227814	228521
gene-BB_RS01105	chromosome	228542	228895
gene-BB_RS01110	chromosome	228864	229148
gene-BB_RS01115	chromosome	229217	230224
gene-BB_RS01120	chromosome	230214	231491
gene-BB_RS01125	chromosome	231621	232322
gene-BB_RS01130	chromosome	232338	235253
gene-BB_RS01135	chromosome	235289	235534
gene-BB_RS01140	chromosome	235595	237142
gene-BB_RS01145	chromosome	237222	237629
gene-BB_RS01150	chromosome	237630	237956
gene-BB_RS01155	chromosome	237969	238226
gene-BB_RS01160	chromosome	238301	239128
gene-BB_RS01165	chromosome	239144	240250
gene-BB_RS01170	chromosome	240283	242289
gene-BB_RS01175	chromosome	242438	244003
gene-BB_RS01180	chromosome	243943	244713
gene-BB_RS01185	chromosome	244777	245379
gene-BB_RS01190	chromosome	245790	246554
gene-BB_RS01195	chromosome	246597	248102
gene-BB_RS01200	chromosome	248506	250089
gene-BB_RS01205	chromosome	250176	250670
gene-BB_RS01210	chromosome	250657	251211
gene-BB_RS01215	chromosome	251212	252237
gene-BB_RS01220	chromosome	252434	253039
gene-BB_RS01225	chromosome	253159	254931
gene-BB_RS01230	chromosome	254945	255649
gene-BB_RS01235	chromosome	255646	256260
gene-BB_RS01245	chromosome	256463	258985
gene-BB_RS01250	chromosome	259000	261303
gene-BB_RS01255	chromosome	261292	263712
gene-BB_RS01260	chromosome	263988	266114
gene-BB_RS01265	chromosome	266107	267051
gene-BB_RS01270	chromosome	267066	267275
gene-BB_RS01275	chromosome	267313	269676
gene-BB_RS01280	chromosome	269673	270473
gene-BB_RS01285	chromosome	270488	272641
gene-BB_RS01290	chromosome	272634	273647
gene-BB_RS01295	chromosome	273854	275236
gene-BB_RS01300	chromosome	275243	276496
gene-BB_RS01305	chromosome	276558	277064
gene-BB_RS01310	chromosome	277090	278559
gene-BB_RS01315	chromosome	278537	279058
gene-BB_RS01320	chromosome	279078	279380
gene-BB_RS01325	chromosome	279407	281311
gene-BB_RS01330	chromosome	281314	281793
gene-BB_RS01335	chromosome	281800	282687
gene-BB_RS01340	chromosome	282699	283865
gene-BB_RS01345	chromosome	283869	285962
gene-BB_RS01350	chromosome	285971	287089
gene-BB_RS01355	chromosome	287089	287877
gene-BB_RS01360	chromosome	287910	288173
gene-BB_RS01365	chromosome	288182	288946
gene-BB_RS01370	chromosome	288957	289583
gene-BB_RS01375	chromosome	289576	289917
gene-BB_RS01380	chromosome	289963	291021
gene-BB_RS01385	chromosome	291059	291595
gene-BB_RS01390	chromosome	291644	292426
gene-BB_RS01395	chromosome	292426	293208
gene-BB_RS01400	chromosome	293205	293429
gene-BB_RS01405	chromosome	293452	294780
gene-BB_RS01410	chromosome	294785	295228
gene-BB_RS01415	chromosome	295242	296420
gene-BB_RS01420	chromosome	296428	297045
gene-BB_RS01425	chromosome	297038	297469
gene-BB_RS01430	chromosome	297466	298776
gene-BB_RS01435	chromosome	298795	299715
gene-BB_RS01440	chromosome	299730	300764
gene-BB_RS01445	chromosome	300780	302489
gene-BB_RS01450	chromosome	302504	302839
gene-BB_RS01455	chromosome	302851	303309
gene-BB_RS01460	chromosome	303333	303740
gene-BB_RS01465	chromosome	303774	305120
gene-BB_RS01470	chromosome	305113	305661
gene-BB_RS01475	chromosome	305671	306615
gene-BB_RS01480	chromosome	306625	307317
gene-BB_RS01485	chromosome	307318	308517
gene-BB_RS01490	chromosome	308539	309780
gene-BB_RS01495	chromosome	309780	310523
gene-BB_RS01500	chromosome	310559	311617
gene-BB_RS01505	chromosome	311660	312715
gene-BB_RS01510	chromosome	312729	314123
gene-BB_RS01515	chromosome	314146	314427
gene-BB_RS01520	chromosome	314424	315314
gene-BB_RS01525	chromosome	315307	316143
gene-BB_RS01530	chromosome	316140	317216
gene-BB_RS01535	chromosome	317247	318005
gene-BB_RS01540	chromosome	318277	319116
gene-BB_RS01545	chromosome	319106	319636
gene-BB_RS01550	chromosome	319680	320258
gene-BB_RS01555	chromosome	320309	321352
gene-BB_RS01560	chromosome	321352	322038
gene-BB_RS01565	chromosome	322040	322846
gene-BB_RS01570	chromosome	322847	323779
gene-BB_RS01575	chromosome	323776	325236
gene-BB_RS01580	chromosome	325236	326288
gene-BB_RS01590	chromosome	326699	327757
gene-BB_RS01595	chromosome	328032	329165
gene-BB_RS01600	chromosome	329262	329621
gene-BB_RS01605	chromosome	329643	330752
gene-BB_RS01610	chromosome	330803	333598
gene-BB_RS01615	chromosome	333619	334515
gene-BB_RS01620	chromosome	334937	336508
gene-BB_RS01625	chromosome	336629	338215
gene-BB_RS01630	chromosome	338358	339983
gene-BB_RS01635	chromosome	340341	341261
gene-BB_RS01640	chromosome	341274	342323
gene-BB_RS01645	chromosome	342335	343207
gene-BB_RS01650	chromosome	343208	344179
gene-BB_RS01655	chromosome	344192	344923
gene-BB_RS01660	chromosome	345063	346364
gene-BB_RS01665	chromosome	346431	346841
gene-BB_RS01670	chromosome	346861	347301
gene-BB_RS01675	chromosome	347351	348160
gene-BB_RS01680	chromosome	348153	349610
gene-BB_RS01685	chromosome	349600	351045
gene-BB_RS01690	chromosome	351056	351331
gene-BB_RS01695	chromosome	351341	353437
gene-BB_RS01700	chromosome	353440	354636
gene-BB_RS01705	chromosome	354648	355298
gene-BB_RS01710	chromosome	355491	356909
gene-BB_RS01715	chromosome	357007	358440
gene-BB_RS01720	chromosome	358458	359198
gene-BB_RS01725	chromosome	359217	359495
gene-BB_RS01730	chromosome	359513	361078
gene-BB_RS01735	chromosome	361188	362321
gene-BB_RS01740	chromosome	362318	364117
gene-BB_RS01745	chromosome	364130	365080
gene-BB_RS01750	chromosome	365115	365603
gene-BB_RS01755	chromosome	365643	366236
gene-BB_RS01760	chromosome	366229	366960
gene-BB_RS01765	chromosome	366964	368391
gene-BB_RS01775	chromosome	368885	370027
gene-BB_RS01780	chromosome	370027	371013
gene-BB_RS01785	chromosome	371034	373046
gene-BB_RS01790	chromosome	373140	373520
gene-BB_RS01795	chromosome	373567	374151
gene-BB_RS01800	chromosome	374277	375653
gene-BB_RS01805	chromosome	375661	375939
gene-BB_RS01810	chromosome	375961	377019
gene-BB_RS01815	chromosome	377039	379330
gene-BB_RS01820	chromosome	379341	380558
gene-BB_RS01825	chromosome	380555	381892
gene-BB_RS01830	chromosome	381910	383382
gene-BB_RS01835	chromosome	383395	384162
gene-BB_RS01840	chromosome	384287	385426
gene-BB_RS01845	chromosome	385449	386162
gene-BB_RS01850	chromosome	386159	387337
gene-BB_RS01855	chromosome	387334	387807
gene-BB_RS01860	chromosome	387818	388480
gene-BB_RS01865	chromosome	388507	388926
gene-BB_RS01870	chromosome	388977	390341
gene-BB_RS01875	chromosome	390392	391819
gene-BB_RS01880	chromosome	391932	392957
gene-BB_RS01885	chromosome	393044	394063
gene-BB_RS01890	chromosome	394105	395166
gene-BB_RS01895	chromosome	395481	396506
gene-BB_RS01900	chromosome	396604	397077
gene-BB_RS01905	chromosome	397102	397476
gene-BB_RS01910	chromosome	397544	401677
gene-BB_RS01915	chromosome	401693	405160
gene-BB_RS01920	chromosome	405243	405617
gene-BB_RS01925	chromosome	405688	406176
gene-BB_RS01930	chromosome	406181	406861
gene-BB_RS01935	chromosome	406861	407292
gene-BB_RS01940	chromosome	407344	407898
gene-BB_RS01945	chromosome	407922	408092
gene-BB_RS01955	chromosome	408201	408380
gene-BB_RS01965	chromosome	408554	409402
gene-BB_RS01970	chromosome	409416	410447
gene-BB_RS01975	chromosome	410787	411446
gene-BB_RS01980	chromosome	411456	413006
gene-BB_RS01985	chromosome	413113	414315
gene-BB_RS01990	chromosome	414327	415793
gene-BB_RS01995	chromosome	415846	416523
gene-BB_RS02000	chromosome	416689	417105
gene-BB_RS02005	chromosome	417102	417713
gene-BB_RS02010	chromosome	417724	418335
gene-BB_RS02015	chromosome	418388	419506
gene-BB_RS02020	chromosome	419503	421380
gene-BB_RS02025	chromosome	421554	422183
gene-BB_RS02030	chromosome	422180	423058
gene-BB_RS02035	chromosome	423055	423834
gene-BB_RS02040	chromosome	423822	424442
gene-BB_RS02045	chromosome	424694	425551
gene-BB_RS02050	chromosome	425584	426711
gene-BB_RS02055	chromosome	426736	427950
gene-BB_RS02060	chromosome	427987	428622
gene-BB_RS02065	chromosome	428646	429674
gene-BB_RS02070	chromosome	429693	430616
gene-BB_RS02075	chromosome	430619	435103
gene-BB_RS02110	chromosome	441713	442552
gene-BB_RS02115	chromosome	442688	443248
gene-BB_RS02135	chromosome	446327	446875
gene-BB_RS02140	chromosome	446969	447664
gene-BB_RS02145	chromosome	447855	448172
gene-BB_RS02150	chromosome	448202	448591
gene-BB_RS02155	chromosome	448705	449310
gene-BB_RS02160	chromosome	449419	450171
gene-BB_RS02165	chromosome	450174	450887
gene-BB_RS02170	chromosome	451139	451921
gene-BB_RS02175	chromosome	452040	454472
gene-BB_RS02180	chromosome	454484	456388
gene-BB_RS02185	chromosome	456576	458036
gene-BB_RS02190	chromosome	458277	459434
gene-BB_RS02195	chromosome	459525	459824
gene-BB_RS02200	chromosome	459916	460071
gene-BB_RS02205	chromosome	460052	460411
gene-BB_RS02210	chromosome	460398	462032
gene-BB_RS02215	chromosome	462045	462773
gene-BB_RS02220	chromosome	462819	463886
gene-BB_RS02225	chromosome	464053	465132
gene-BB_RS02235	chromosome	465518	467278
gene-BB_RS02240	chromosome	467282	469387
gene-BB_RS02245	chromosome	469390	469665
gene-BB_RS02250	chromosome	469678	469971
gene-BB_RS02255	chromosome	469961	471220
gene-BB_RS02260	chromosome	471223	471756
gene-BB_RS02265	chromosome	471771	472358
gene-BB_RS02270	chromosome	472566	473408
gene-BB_RS02275	chromosome	473405	474556
gene-BB_RS02280	chromosome	474613	475602
gene-BB_RS02285	chromosome	475606	476211
gene-BB_RS02290	chromosome	476263	478074
gene-BB_RS02295	chromosome	478196	479716
gene-BB_RS02300	chromosome	479709	481019
gene-BB_RS02315	chromosome	481344	482057
gene-BB_RS02335	chromosome	482600	484282
gene-BB_RS02340	chromosome	484287	484586
gene-BB_RS02345	chromosome	484757	485266
gene-BB_RS02350	chromosome	485550	486077
gene-BB_RS02355	chromosome	486074	486769
gene-BB_RS02360	chromosome	486747	487538
gene-BB_RS02365	chromosome	487535	488224
gene-BB_RS02370	chromosome	488226	488972
gene-BB_RS02375	chromosome	488983	489495
gene-BB_RS02385	chromosome	489733	490554
gene-BB_RS02390	chromosome	490644	491927
gene-BB_RS02395	chromosome	492588	493952
gene-BB_RS02400	chromosome	494150	494539
gene-BB_RS02405	chromosome	495033	496217
gene-BB_RS02410	chromosome	496268	496579
gene-BB_RS02415	chromosome	496615	497235
gene-BB_RS02420	chromosome	497245	497874
gene-BB_RS02425	chromosome	497895	498191
gene-BB_RS02430	chromosome	498213	499046
gene-BB_RS02435	chromosome	499056	499334
gene-BB_RS02440	chromosome	499341	499703
gene-BB_RS02445	chromosome	499707	500588
gene-BB_RS02450	chromosome	500593	501009
gene-BB_RS02455	chromosome	501012	501212
gene-BB_RS02460	chromosome	501215	501469
gene-BB_RS02465	chromosome	501497	501865
gene-BB_RS02470	chromosome	501880	502185
gene-BB_RS02475	chromosome	502191	502739
gene-BB_RS02480	chromosome	502756	502941
gene-BB_RS02485	chromosome	502951	503349
gene-BB_RS02490	chromosome	503366	503908
gene-BB_RS02495	chromosome	503926	504285
gene-BB_RS02500	chromosome	504298	504795
gene-BB_RS02505	chromosome	504799	505104
gene-BB_RS02510	chromosome	505104	505541
gene-BB_RS02515	chromosome	505554	506858
gene-BB_RS02520	chromosome	506871	506984
gene-BB_RS02525	chromosome	507002	507379
gene-BB_RS02530	chromosome	507406	507798
gene-BB_RS02535	chromosome	507814	508848
gene-BB_RS02540	chromosome	508870	509241
gene-BB_RS02545	chromosome	509314	510846
gene-BB_RS02550	chromosome	510836	511624
gene-BB_RS02555	chromosome	511605	512396
gene-BB_RS02560	chromosome	512393	513139
gene-BB_RS02565	chromosome	513226	514527
gene-BB_RS02570	chromosome	514524	515783
gene-BB_RS02575	chromosome	515780	516473
gene-BB_RS02580	chromosome	516493	522993
gene-BB_RS02585	chromosome	523005	524576
gene-BB_RS02590	chromosome	524554	526254
gene-BB_RS02595	chromosome	526325	527305
gene-BB_RS02600	chromosome	527361	528102
gene-BB_RS02605	chromosome	528104	529198
gene-BB_RS02610	chromosome	529198	531105
gene-BB_RS02615	chromosome	531129	531692
gene-BB_RS02620	chromosome	532069	533606
gene-BB_RS02625	chromosome	534301	535155
gene-BB_RS02630	chromosome	535178	535600
gene-BB_RS02635	chromosome	535704	537527
gene-BB_RS02640	chromosome	537520	538308
gene-BB_RS02645	chromosome	538328	539275
gene-BB_RS02650	chromosome	539367	540175
gene-BB_RS02655	chromosome	540159	540773
gene-BB_RS02660	chromosome	540776	542069
gene-BB_RS02665	chromosome	542263	543024
gene-BB_RS02670	chromosome	543049	543816
gene-BB_RS02675	chromosome	543832	544605
gene-BB_RS02680	chromosome	544586	547387
gene-BB_RS02695	chromosome	547846	548490
gene-BB_RS02700	chromosome	548487	548885
gene-BB_RS02705	chromosome	548920	549618
gene-BB_RS02710	chromosome	549642	551723
gene-BB_RS02715	chromosome	552022	552250
gene-BB_RS02720	chromosome	552491	553018
gene-BB_RS02725	chromosome	553139	553789
gene-BB_RS02730	chromosome	553992	555212
gene-BB_RS02735	chromosome	555216	556580
gene-BB_RS02740	chromosome	556563	557423
gene-BB_RS02745	chromosome	557407	558024
gene-BB_RS02750	chromosome	558006	560732
gene-BB_RS02755	chromosome	560729	561127
gene-BB_RS02760	chromosome	561117	561554
gene-BB_RS02765	chromosome	561563	561943
gene-BB_RS02770	chromosome	562185	564167
gene-BB_RS02775	chromosome	564188	565681
gene-BB_RS02780	chromosome	565955	567823
gene-BB_RS02785	chromosome	567810	568277
gene-BB_RS02790	chromosome	568270	569139
gene-BB_RS02795	chromosome	569278	569538
gene-BB_RS02800	chromosome	569559	571280
gene-BB_RS02805	chromosome	571283	571852
gene-BB_RS02810	chromosome	571890	573740
gene-BB_RS02815	chromosome	573853	575247
gene-BB_RS02820	chromosome	575274	575816
gene-BB_RS02825	chromosome	575981	576499
gene-BB_RS02830	chromosome	576582	577187
gene-BB_RS02835	chromosome	577395	577937
gene-BB_RS02840	chromosome	577950	578261
gene-BB_RS02845	chromosome	578277	580421
gene-BB_RS02850	chromosome	580486	581643
gene-BB_RS02855	chromosome	581645	583417
gene-BB_RS02860	chromosome	583458	583832
gene-BB_RS02870	chromosome	584191	584880
gene-BB_RS02875	chromosome	585080	586156
gene-BB_RS02880	chromosome	586218	587024
gene-BB_RS02885	chromosome	587031	587882
gene-BB_RS02890	chromosome	588066	589667
gene-BB_RS02895	chromosome	589684	590208
gene-BB_RS02900	chromosome	590348	590935
gene-BB_RS02905	chromosome	591188	592357
gene-BB_RS02910	chromosome	592446	595931
gene-BB_RS02915	chromosome	595943	596521
gene-BB_RS02920	chromosome	596531	598591
gene-BB_RS02925	chromosome	598588	599376
gene-BB_RS02930	chromosome	599495	600844
gene-BB_RS02935	chromosome	601010	602344
gene-BB_RS02940	chromosome	602374	603729
gene-BB_RS02945	chromosome	603726	604769
gene-BB_RS02950	chromosome	604779	606983
gene-BB_RS02955	chromosome	607138	607935
gene-BB_RS02960	chromosome	608023	609078
gene-BB_RS02965	chromosome	609061	609906
gene-BB_RS02970	chromosome	609943	611193
gene-BB_RS02975	chromosome	611309	612022
gene-BB_RS02980	chromosome	612048	613985
gene-BB_RS02985	chromosome	614014	615771
gene-BB_RS02990	chromosome	615764	616390
gene-BB_RS02995	chromosome	616412	618559
gene-BB_RS03000	chromosome	618828	621035
gene-BB_RS03005	chromosome	621045	621953
gene-BB_RS03010	chromosome	622005	623447
gene-BB_RS03015	chromosome	623451	625007
gene-BB_RS03020	chromosome	625007	626260
gene-BB_RS03025	chromosome	626286	627038
gene-BB_RS03030	chromosome	627092	628948
gene-BB_RS03035	chromosome	629196	630698
gene-BB_RS03040	chromosome	630769	631986
gene-BB_RS03045	chromosome	631991	632482
gene-BB_RS03050	chromosome	632485	634464
gene-BB_RS03055	chromosome	634581	636011
gene-BB_RS03080	chromosome	636593	637957
gene-BB_RS03085	chromosome	637972	638556
gene-BB_RS03090	chromosome	638580	639872
gene-BB_RS03095	chromosome	639859	642249
gene-BB_RS03100	chromosome	642500	643126
gene-BB_RS03110	chromosome	643295	644650
gene-BB_RS03115	chromosome	644772	645140
gene-BB_RS03120	chromosome	645137	645601
gene-BB_RS03125	chromosome	645719	646681
gene-BB_RS03130	chromosome	646659	648254
gene-BB_RS03140	chromosome	648553	649107
gene-BB_RS03145	chromosome	649170	650387
gene-BB_RS03150	chromosome	650413	653790
gene-BB_RS03155	chromosome	653887	654849
gene-BB_RS03160	chromosome	654809	656902
gene-BB_RS03170	chromosome	656998	657543
gene-BB_RS03175	chromosome	657546	658817
gene-BB_RS03180	chromosome	658898	659623
gene-BB_RS03185	chromosome	659644	661515
gene-BB_RS03190	chromosome	661606	662529
gene-BB_RS03195	chromosome	662603	662917
gene-BB_RS03205	chromosome	663179	665011
gene-BB_RS03210	chromosome	665008	668517
gene-BB_RS03215	chromosome	668523	671763
gene-BB_RS03220	chromosome	671767	673212
gene-BB_RS03225	chromosome	673342	674778
gene-BB_RS03230	chromosome	675035	676378
gene-BB_RS03235	chromosome	676472	677860
gene-BB_RS03240	chromosome	677892	678938
gene-BB_RS03245	chromosome	678959	679750
gene-BB_RS03250	chromosome	679754	680557
gene-BB_RS03255	chromosome	680563	681606
gene-BB_RS03260	chromosome	681685	682524
gene-BB_RS03265	chromosome	682679	683377
gene-BB_RS03270	chromosome	683423	684967
gene-BB_RS03275	chromosome	684997	685980
gene-BB_RS03280	chromosome	685977	686507
gene-BB_RS03285	chromosome	686607	688295
gene-BB_RS03290	chromosome	688490	690127
gene-BB_RS03295	chromosome	690193	690489
gene-BB_RS03300	chromosome	690482	690799
gene-BB_RS03305	chromosome	690885	692645
gene-BB_RS03310	chromosome	692629	693528
gene-BB_RS03315	chromosome	693554	694696
gene-BB_RS03320	chromosome	694693	695523
gene-BB_RS03325	chromosome	695631	696764
gene-BB_RS03330	chromosome	696751	697437
gene-BB_RS03335	chromosome	697586	698332
gene-BB_RS03340	chromosome	698400	699965
gene-BB_RS03345	chromosome	700052	700924
gene-BB_RS03350	chromosome	701029	701385
gene-BB_RS03355	chromosome	701395	701805
gene-BB_RS03360	chromosome	701825	702274
gene-BB_RS03365	chromosome	702283	702951
gene-BB_RS03370	chromosome	703009	703968
gene-BB_RS03375	chromosome	703961	704959
gene-BB_RS03380	chromosome	704949	705500
gene-BB_RS03385	chromosome	705580	706605
gene-BB_RS03390	chromosome	706673	709267
gene-BB_RS03395	chromosome	709274	710674
gene-BB_RS03400	chromosome	710686	711171
gene-BB_RS03405	chromosome	711211	711651
gene-BB_RS03410	chromosome	711692	712207
gene-BB_RS03415	chromosome	712204	713250
gene-BB_RS03420	chromosome	713244	714107
gene-BB_RS03425	chromosome	714104	714766
gene-BB_RS03430	chromosome	715009	716619
gene-BB_RS03435	chromosome	716620	717771
gene-BB_RS03440	chromosome	717743	718669
gene-BB_RS03445	chromosome	718827	721088
gene-BB_RS03450	chromosome	721119	723020
gene-BB_RS03455	chromosome	723063	724130
gene-BB_RS03460	chromosome	724224	725447
gene-BB_RS03465	chromosome	725431	726495
gene-BB_RS03470	chromosome	726485	727753
gene-BB_RS03475	chromosome	727737	728675
gene-BB_RS03480	chromosome	728666	729619
gene-BB_RS03485	chromosome	729613	730506
gene-BB_RS03495	chromosome	730632	731099
gene-BB_RS03500	chromosome	731184	731720
gene-BB_RS03505	chromosome	731794	733803
gene-BB_RS03510	chromosome	734081	735289
gene-BB_RS03515	chromosome	735352	736686
gene-BB_RS03520	chromosome	736699	736959
gene-BB_RS03525	chromosome	736960	737208
gene-BB_RS03530	chromosome	737212	737712
gene-BB_RS03535	chromosome	737709	738428
gene-BB_RS03540	chromosome	738406	738771
gene-BB_RS03545	chromosome	739144	739683
gene-BB_RS03550	chromosome	739685	740176
gene-BB_RS03555	chromosome	740240	740422
gene-BB_RS03560	chromosome	740446	740688
gene-BB_RS03565	chromosome	740688	741425
gene-BB_RS03570	chromosome	741396	742628
gene-BB_RS03575	chromosome	742744	744516
gene-BB_RS03580	chromosome	744522	744845
gene-BB_RS03595	chromosome	745302	746333
gene-BB_RS03600	chromosome	746339	748119
gene-BB_RS03605	chromosome	748123	750018
gene-BB_RS03610	chromosome	750031	750789
gene-BB_RS03620	chromosome	751191	752159
gene-BB_RS03625	chromosome	752170	753219
gene-BB_RS03630	chromosome	753223	754068
gene-BB_RS03635	chromosome	754068	754550
gene-BB_RS03640	chromosome	754550	756349
gene-BB_RS03645	chromosome	756354	757670
gene-BB_RS03650	chromosome	757836	759581
gene-BB_RS03655	chromosome	759586	760215
gene-BB_RS03660	chromosome	760202	761647
gene-BB_RS03665	chromosome	761621	762154
gene-BB_RS03670	chromosome	762251	763573
gene-BB_RS03675	chromosome	763579	764361
gene-BB_RS03680	chromosome	764371	765342
gene-BB_RS03685	chromosome	765373	766716
gene-BB_RS03690	chromosome	766733	768064
gene-BB_RS03695	chromosome	768079	769470
gene-BB_RS03700	chromosome	769547	771139
gene-BB_RS03705	chromosome	771162	771563
gene-BB_RS03710	chromosome	771570	774368
gene-BB_RS03715	chromosome	774677	775462
gene-BB_RS03720	chromosome	775666	776679
gene-BB_RS03725	chromosome	776785	777573
gene-BB_RS03730	chromosome	777765	778754
gene-BB_RS03735	chromosome	778758	781385
gene-BB_RS03740	chromosome	781486	782073
gene-BB_RS03745	chromosome	782152	782829
gene-BB_RS03750	chromosome	782976	783248
gene-BB_RS03755	chromosome	783390	785021
gene-BB_RS03760	chromosome	785057	786754
gene-BB_RS03765	chromosome	786860	788962
gene-BB_RS03780	chromosome	789303	789938
gene-BB_RS03785	chromosome	789947	790807
gene-BB_RS03790	chromosome	790807	791787
gene-BB_RS03795	chromosome	791794	792252
gene-BB_RS03800	chromosome	792351	793625
gene-BB_RS03805	chromosome	793842	794855
gene-BB_RS03810	chromosome	794875	796383
gene-BB_RS03815	chromosome	796388	797122
gene-BB_RS03820	chromosome	797119	798048
gene-BB_RS03825	chromosome	798057	799016
gene-BB_RS03830	chromosome	799208	800275
gene-BB_RS03835	chromosome	800476	801072
gene-BB_RS03840	chromosome	801119	801778
gene-BB_RS03850	chromosome	801941	802798
gene-BB_RS03855	chromosome	802838	803167
gene-BB_RS03860	chromosome	803278	804165
gene-BB_RS03865	chromosome	804417	805772
gene-BB_RS03870	chromosome	805775	806923
gene-BB_RS03875	chromosome	806920	807966
gene-BB_RS03880	chromosome	807976	808464
gene-BB_RS03885	chromosome	808461	809552
gene-BB_RS03890	chromosome	809701	810495
gene-BB_RS03895	chromosome	810470	811510
gene-BB_RS03900	chromosome	811507	812388
gene-BB_RS03905	chromosome	812439	813239
gene-BB_RS03910	chromosome	813386	813706
gene-BB_RS03915	chromosome	813690	814697
gene-BB_RS03920	chromosome	814868	815302
gene-BB_RS03925	chromosome	815502	816299
gene-BB_RS03930	chromosome	816312	817160
gene-BB_RS03935	chromosome	817396	817956
gene-BB_RS03940	chromosome	818018	818548
gene-BB_RS03945	chromosome	818605	818916
gene-BB_RS03950	chromosome	818922	819242
gene-BB_RS03955	chromosome	819242	819487
gene-BB_RS03960	chromosome	819542	820528
gene-BB_RS03965	chromosome	820607	821188
gene-BB_RS03970	chromosome	821185	822369
gene-BB_RS03975	chromosome	822344	822694
gene-BB_RS03980	chromosome	822810	823103
gene-BB_RS03990	chromosome	823263	823811
gene-BB_RS03995	chromosome	823816	824382
gene-BB_RS04000	chromosome	824382	825704
gene-BB_RS04005	chromosome	825701	827620
gene-BB_RS04010	chromosome	827631	829112
gene-BB_RS04015	chromosome	829218	830321
gene-BB_RS04020	chromosome	830318	830941
gene-BB_RS04025	chromosome	830955	831563
gene-BB_RS04030	chromosome	831646	836043
gene-BB_RS04035	chromosome	836061	838526
gene-BB_RS04040	chromosome	838547	839080
gene-BB_RS04045	chromosome	839244	841832
gene-BB_RS04050	chromosome	841834	842451
gene-BB_RS04055	chromosome	842552	842989
gene-BB_RS04060	chromosome	843003	844451
gene-BB_RS04065	chromosome	844454	847102
gene-BB_RS04070	chromosome	847126	847488
gene-BB_RS04075	chromosome	847491	848339
gene-BB_RS04080	chromosome	848538	848804
gene-BB_RS04085	chromosome	848819	850987
gene-BB_RS04090	chromosome	850994	852514
gene-BB_RS04095	chromosome	852489	853778
gene-BB_RS04100	chromosome	853775	854842
gene-BB_RS04105	chromosome	854869	855996
gene-BB_RS04110	chromosome	855989	857509
gene-BB_RS04115	chromosome	857506	858915
gene-BB_RS04120	chromosome	858939	860111
gene-BB_RS04130	chromosome	860440	861774
gene-BB_RS04135	chromosome	861784	862730
gene-BB_RS04140	chromosome	862699	863646
gene-BB_RS04145	chromosome	863636	865042
gene-BB_RS04150	chromosome	865053	865919
gene-BB_RS04155	chromosome	865916	866458
gene-BB_RS04160	chromosome	866494	866694
gene-BB_RS04165	chromosome	866681	867601
gene-BB_RS04170	chromosome	867743	868114
gene-BB_RS04175	chromosome	868195	868740
gene-BB_RS04180	chromosome	868733	869515
gene-BB_RS04185	chromosome	869508	870023
gene-BB_RS04190	chromosome	870112	872583
gene-BB_RS04195	chromosome	872586	875132
gene-BB_RS04200	chromosome	875207	876448
gene-BB_RS04205	chromosome	876435	879281
gene-BB_RS04210	chromosome	879315	880250
gene-BB_RS04215	chromosome	880267	881091
gene-BB_RS04220	chromosome	881085	884213
gene-BB_RS04225	chromosome	884228	886447
gene-BB_RS04230	chromosome	886470	888179
gene-BB_RS04235	chromosome	888312	890318
gene-BB_RS04240	chromosome	890322	893174
gene-BB_RS04245	chromosome	893129	896569
gene-BB_RS04250	chromosome	896579	897127
gene-BB_RS04255	chromosome	897096	897695
gene-BB_RS04260	chromosome	897704	899320
gene-BB_RS04265	chromosome	899499	900731
gene-BB_RS04270	chromosome	900799	901782
gene-BB_RS04275	chromosome	901834	903258
gene-BB_RS04280	chromosome	903929	904900
gene-BB_RS04285	chromosome	906077	906292
gene-BB_RS04290	chromosome	906473	906783
gene-BB_RS04300	chromosome	908407	909591
gene-BB_RS04305	lp28-3	391	858
gene-BB_RS04310	lp28-3	926	1075
gene-BB_RS04315	lp28-3	1045	1368
gene-BB_RS04320	lp28-3	2260	2970
gene-BB_RS04335	lp28-3	3892	7728
gene-BB_RS04340	lp28-3	8000	8203
gene-BB_RS04345	lp28-3	9848	10516
gene-BB_RS04350	lp28-3	12126	13220
gene-BB_RS04360	lp28-3	16519	17415
gene-BB_RS04365	lp28-3	17408	17974
gene-BB_RS04370	lp28-3	17947	18702
gene-BB_RS04375	lp28-3	18798	19427
gene-BB_RS04380	lp28-3	21470	22219
gene-BB_RS04385	lp28-3	22678	22953
gene-BB_RS04390	lp28-3	23189	23383
gene-BB_RS04395	lp28-3	24028	24180
gene-BB_RS04405	lp28-3	25433	26344
gene-BB_RS04410	lp28-3	27038	27445
gene-BB_RS04415	lp28-3	27625	28197
gene-BB_RS04420	lp25	323	4156
gene-BB_RS04425	lp25	4719	4853
gene-BB_RS04430	lp25	6898	7761
gene-BB_RS04435	lp25	9567	10187
gene-BB_RS04440	lp25	10200	10709
gene-BB_RS04445	lp25	11498	12079
gene-BB_RS04450	lp25	12096	12854
gene-BB_RS04455	lp25	12830	13393
gene-BB_RS04460	lp25	13403	14512
gene-BB_RS04465	lp25	15042	15671
gene-BB_RS04475	lp25	19935	20150
gene-BB_RS04485	lp25	21946	22677
gene-BB_RS04490	lp25	23508	23723
gene-BB_RS04495	lp25	23828	24169
gene-BB_RS04500	lp28-2	116	1009
gene-BB_RS04505	lp28-2	1047	1928
gene-BB_RS04510	lp28-2	2104	2616
gene-BB_RS04515	lp28-2	2891	4056
gene-BB_RS04520	lp28-2	4280	5368
gene-BB_RS04525	lp28-2	5378	5950
gene-BB_RS04530	lp28-2	5911	6678
gene-BB_RS04535	lp28-2	6737	7288
gene-BB_RS04540	lp28-2	7483	10779
gene-BB_RS04550	lp28-2	11063	11491
gene-BB_RS04555	lp28-2	11501	12298
gene-BB_RS04565	lp28-2	12749	13141
gene-BB_RS04570	lp28-2	13157	13495
gene-BB_RS04575	lp28-2	13508	14341
gene-BB_RS04580	lp28-2	14376	14885
gene-BB_RS04585	lp28-2	14886	15431
gene-BB_RS04590	lp28-2	15457	16482
gene-BB_RS04595	lp28-2	16494	17684
gene-BB_RS04600	lp28-2	17681	18019
gene-BB_RS04605	lp28-2	18030	18827
gene-BB_RS04610	lp28-2	18837	19619
gene-BB_RS04615	lp28-2	19620	22259
gene-BB_RS04620	lp28-2	22273	22659
gene-BB_RS04625	lp28-2	22659	23033
gene-BB_RS04630	lp28-2	23033	23725
gene-BB_RS04635	lp28-2	23722	24108
gene-BB_RS04640	lp28-2	24489	25955
gene-BB_RS04645	lp28-2	25980	26390
gene-BB_RS04650	lp28-2	26570	27085
gene-BB_RS04655	lp28-2	27113	27940
gene-BB_RS04660	lp28-2	28031	28831
gene-BB_RS04665	lp28-2	28854	29618
gene-BB_RS04670	lp38	482	1211
gene-BB_RS04690	lp38	4576	5496
gene-BB_RS04695	lp38	6089	6862
gene-BB_RS04700	lp38	7270	7476
gene-BB_RS04705	lp38	8877	9155
gene-BB_RS04710	lp38	10518	11105
gene-BB_RS04715	lp38	11152	11889
gene-BB_RS04720	lp38	11862	12452
gene-BB_RS04725	lp38	12445	13440
gene-BB_RS04730	lp38	16520	17329
gene-BB_RS04735	lp38	17388	18170
gene-BB_RS04740	lp38	18214	19254
gene-BB_RS04745	lp38	19313	20008
gene-BB_RS04750	lp38	20001	21230
gene-BB_RS04755	lp38	21220	21948
gene-BB_RS04760	lp38	22007	23008
gene-BB_RS04765	lp38	23366	24088
gene-BB_RS04770	lp38	25337	26407
gene-BB_RS04775	lp38	26995	28053
gene-BB_RS04785	lp38	29905	30771
gene-BB_RS04790	lp38	31220	32140
gene-BB_RS04795	lp38	32498	33220
gene-BB_RS04800	lp38	34372	34668
gene-BB_RS04805	lp38	34905	35549
gene-BB_RS04810	lp38	35634	36248
gene-BB_RS04815	lp38	36502	36969
gene-BB_RS04820	lp38	37415	37774
gene-BB_RS04825	lp38	37927	38331
gene-BB_RS04830	lp38	38349	38522
gene-BB_RS04835	lp36	188	1081
gene-BB_RS04840	lp36	1210	3763
gene-BB_RS04845	lp36	5288	6040
gene-BB_RS04850	lp36	6441	6650
gene-BB_RS04855	lp36	6804	6983
gene-BB_RS04860	lp36	7335	8033
gene-BB_RS04865	lp36	8164	8859
gene-BB_RS04870	lp36	9292	9999
gene-BB_RS04875	lp36	10301	11947
gene-BB_RS04880	lp36	12602	13237
gene-BB_RS04885	lp36	13577	14326
gene-BB_RS04890	lp36	14302	14841
gene-BB_RS04895	lp36	14834	15760
gene-BB_RS04900	lp36	16275	16886
gene-BB_RS04905	lp36	17380	17583
gene-BB_RS04910	lp36	17880	19242
gene-BB_RS04915	lp36	20389	21453
gene-BB_RS04920	lp36	23073	23636
gene-BB_RS04925	lp36	24067	24243
gene-BB_RS04930	lp36	24293	24670
gene-BB_RS04935	lp36	25103	25657
gene-BB_RS04940	lp36	25813	26358
gene-BB_RS04945	lp36	26585	26803
gene-BB_RS04950	lp36	27383	28240
gene-BB_RS04955	lp36	28586	29212
gene-BB_RS04960	lp36	29477	30463
gene-BB_RS04965	lp36	30719	31585
gene-BB_RS04970	lp36	31827	32822
gene-BB_RS04975	lp36	33081	34079
gene-BB_RS04980	lp36	34595	35443
gene-BB_RS04985	lp36	35868	36422
gene-BB_RS04990	lp36	36392	36590
gene-BB_RS04995	lp28-4	243	608
gene-BB_RS05000	lp28-4	736	1104
gene-BB_RS05005	lp28-4	1618	1860
gene-BB_RS05010	lp28-4	2536	3351
gene-BB_RS05015	lp28-4	3745	3882
gene-BB_RS05020	lp28-4	3923	4315
gene-BB_RS05025	lp28-4	5128	5346
gene-BB_RS05035	lp28-4	7183	8538
gene-BB_RS05040	lp28-4	10815	11927
gene-BB_RS05045	lp28-4	11924	12478
gene-BB_RS05050	lp28-4	12454	13206
gene-BB_RS05055	lp28-4	13265	13837
gene-BB_RS05060	lp28-4	15352	16530
gene-BB_RS05065	lp28-4	17093	17874
gene-BB_RS05070	lp28-4	18518	19183
gene-BB_RS05075	lp28-4	19615	20109
gene-BB_RS05080	lp28-4	20771	21562
gene-BB_RS05085	lp28-4	22095	22931
gene-BB_RS05090	lp28-4	23159	23995
gene-BB_RS05095	lp28-4	24223	25089
gene-BB_RS05100	lp28-4	25326	25775
gene-BB_RS05110	lp28-4	26360	26914
gene-BB_RS05115	lp28-4	26884	27082
gene-BB_RS05120	lp54	652	1137
gene-BB_RS05125	lp54	1461	1970
gene-BB_RS05130	lp54	2045	2893
gene-BB_RS05135	lp54	3003	4256
gene-BB_RS05140	lp54	4667	5140
gene-BB_RS05145	lp54	5314	5649
gene-BB_RS05150	lp54	5646	6518
gene-BB_RS05155	lp54	6521	7147
gene-BB_RS05160	lp54	7209	8243
gene-BB_RS05165	lp54	8266	8445
gene-BB_RS05170	lp54	8442	8867
gene-BB_RS05175	lp54	8857	9222
gene-BB_RS05180	lp54	9457	10278
gene-BB_RS05185	lp54	10288	11178
gene-BB_RS05190	lp54	11751	12947
gene-BB_RS05195	lp54	12995	13579
gene-BB_RS05200	lp54	13555	14307
gene-BB_RS05205	lp54	14338	14883
gene-BB_RS05210	lp54	15370	15801
gene-BB_RS05215	lp54	16001	16576
gene-BB_RS05220	lp54	16696	17259
gene-BB_RS05230	lp54	18128	18721
gene-BB_RS05235	lp54	18725	20077
gene-BB_RS05240	lp54	21087	21626
gene-BB_RS05245	lp54	21684	23273
gene-BB_RS05250	lp54	23777	24415
gene-BB_RS05255	lp54	24498	25103
gene-BB_RS05260	lp54	25453	26694
gene-BB_RS05265	lp54	26706	27293
gene-BB_RS05270	lp54	27390	27998
gene-BB_RS05275	lp54	28014	28931
gene-BB_RS05280	lp54	28935	29387
gene-BB_RS05285	lp54	29384	29758
gene-BB_RS05290	lp54	29755	30072
gene-BB_RS05295	lp54	30094	30633
gene-BB_RS05300	lp54	30710	31780
gene-BB_RS05305	lp54	31780	32202
gene-BB_RS05310	lp54	32261	32749
gene-BB_RS05315	lp54	32742	32960
gene-BB_RS05320	lp54	32969	34366
gene-BB_RS05325	lp54	34385	34948
gene-BB_RS05330	lp54	34988	35833
gene-BB_RS05335	lp54	35954	36229
gene-BB_RS05340	lp54	36268	36534
gene-BB_RS05345	lp54	36622	37551
gene-BB_RS05350	lp54	37541	38110
gene-BB_RS05355	lp54	38161	39405
gene-BB_RS05360	lp54	39873	40112
gene-BB_RS05365	lp54	40212	41045
gene-BB_RS05370	lp54	41396	42019
gene-BB_RS05375	lp54	42267	42473
gene-BB_RS05380	lp54	42624	43532
gene-BB_RS05385	lp54	43685	44533
gene-BB_RS05390	lp54	44712	45947
gene-BB_RS05395	lp54	46473	47228
gene-BB_RS05400	lp54	47476	48267
gene-BB_RS05405	lp54	48584	49306
gene-BB_RS05420	lp54	50286	51176
gene-BB_RS05425	lp54	51706	52479
gene-BB_RS05430	lp54	52706	53503
gene-BB_RS05435	cp9	163	1272
gene-BB_RS05440	cp9	1282	1839
gene-BB_RS05445	cp9	1892	2452
gene-BB_RS05450	cp9	2804	3712
gene-BB_RS05455	cp9	3853	4377
gene-BB_RS05460	cp9	4504	4788
gene-BB_RS05465	cp9	6281	6808
gene-BB_RS05470	cp9	6974	7771
gene-BB_RS05475	cp9	7855	9188
gene-BB_RS05480	cp26	46	324
gene-BB_RS05485	cp26	308	751
gene-BB_RS05490	cp26	837	2186
gene-BB_RS05495	cp26	2476	3798
gene-BB_RS05500	cp26	4084	4431
gene-BB_RS05505	cp26	4440	4757
gene-BB_RS05510	cp26	4769	5866
gene-BB_RS05515	cp26	5888	6517
gene-BB_RS05520	cp26	6677	7714
gene-BB_RS05525	cp26	7836	8765
gene-BB_RS05530	cp26	8781	9299
gene-BB_RS05535	cp26	9275	10036
gene-BB_RS05540	cp26	10104	10652
gene-BB_RS05545	cp26	10920	11417
gene-BB_RS05550	cp26	12014	13606
gene-BB_RS05555	cp26	13893	15107
gene-BB_RS05560	cp26	15132	16667
gene-BB_RS05565	cp26	16903	17535
gene-BB_RS05570	cp26	17966	19321
gene-BB_RS05575	cp26	19431	20786
gene-BB_RS05580	cp26	20858	21364
gene-BB_RS05585	cp26	21339	21851
gene-BB_RS05590	cp26	21898	22593
gene-BB_RS05595	cp26	22603	23154
gene-BB_RS05600	cp26	23255	24499
gene-BB_RS05605	cp26	24825	26453
gene-BB_RS05610	lp17	330	803
gene-BB_RS05615	lp17	871	1020
gene-BB_RS05620	lp17	1410	1766
gene-BB_RS05630	lp17	2986	3596
gene-BB_RS05635	lp17	3613	3819
gene-BB_RS05640	lp17	5056	5739
gene-BB_RS05645	lp17	5874	6452
gene-BB_RS05650	lp17	6679	7632
gene-BB_RS05655	lp17	7785	8111
gene-BB_RS05660	lp17	8267	9379
gene-BB_RS05665	lp17	9591	9887
gene-BB_RS05670	lp17	10984	11646
gene-BB_RS05680	lp17	13339	14079
gene-BB_RS05685	lp17	14070	14339
gene-BB_RS05695	lp28-1	467	1465
gene-BB_RS05700	lp28-1	2098	2640
gene-BB_RS05705	lp28-1	2658	2807
gene-BB_RS05710	lp28-1	2777	3076
gene-BB_RS05715	lp28-1	3201	3380
gene-BB_RS05720	lp28-1	3682	3849
gene-BB_RS05725	lp28-1	4027	4182
gene-BB_RS05730	lp28-1	4488	4985
gene-BB_RS05740	lp28-1	5953	6540
gene-BB_RS05745	lp28-1	6632	7381
gene-BB_RS05750	lp28-1	7354	7911
gene-BB_RS05755	lp28-1	8772	9029
gene-BB_RS05765	lp28-1	10698	10991
gene-BB_RS05770	lp28-1	11791	12018
gene-BB_RS05775	lp28-1	12441	12992
gene-BB_RS05780	lp28-1	13029	13793
gene-BB_RS05785	lp28-1	13769	14329
gene-BB_RS05790	lp28-1	14351	15451
gene-BB_RS05795	lp28-1	15755	15925
gene-BB_RS05810	lp28-1	17391	17805
gene-BB_RS05820	lp28-1	18427	18822
gene-BB_RS05825	lp28-1	18870	19979
gene-BB_RS05830	lp28-1	20027	21193
gene-BB_RS05835	lp28-1	21209	26668
gene-BB_RS05840	lp28-1	27003	28073
gene-BB_RS05845	cp32-1	66	1289
gene-BB_RS05850	cp32-1	1306	1998
gene-BB_RS05855	cp32-1	2011	2568
gene-BB_RS05860	cp32-1	2575	3339
gene-BB_RS05865	cp32-1	3369	3941
gene-BB_RS05870	cp32-1	3963	4922
gene-BB_RS05875	cp32-1	4942	5397
gene-BB_RS05880	cp32-1	5397	5780
gene-BB_RS05885	cp32-1	5768	6157
gene-BB_RS05890	cp32-1	6154	6720
gene-BB_RS05895	cp32-1	6701	7813
gene-BB_RS05900	cp32-1	7828	8256
gene-BB_RS05905	cp32-1	8272	8727
gene-BB_RS05910	cp32-1	8724	8960
gene-BB_RS05915	cp32-1	8968	10242
gene-BB_RS05920	cp32-1	10265	10948
gene-BB_RS05925	cp32-1	10952	11902
gene-BB_RS05930	cp32-1	11920	12465
gene-BB_RS05935	cp32-1	12495	12827
gene-BB_RS05940	cp32-1	12824	13699
gene-BB_RS05945	cp32-1	13709	14314
gene-BB_RS05950	cp32-1	14324	15139
gene-BB_RS05955	cp32-1	15215	15418
gene-BB_RS05960	cp32-1	15422	15769
gene-BB_RS05965	cp32-1	15759	16094
gene-BB_RS05970	cp32-1	16087	16440
gene-BB_RS05975	cp32-1	16578	17060
gene-BB_RS05980	cp32-1	17232	17678
gene-BB_RS05985	cp32-1	17715	18728
gene-BB_RS05990	cp32-1	19114	20214
gene-BB_RS05995	cp32-1	20224	20790
gene-BB_RS06000	cp32-1	20766	21506
gene-BB_RS06005	cp32-1	21561	22118
gene-BB_RS06010	cp32-1	22131	22763
gene-BB_RS06015	cp32-1	23231	24556
gene-BB_RS06020	cp32-1	24609	25034
gene-BB_RS06025	cp32-1	25040	25816
gene-BB_RS06030	cp32-1	26235	26768
gene-BB_RS06035	cp32-1	26796	27932
gene-BB_RS06040	cp32-1	28116	28655
gene-BB_RS06045	cp32-1	28835	29401
gene-BB_RS06050	cp32-1	29398	30750
gene-BB_RS06055	cp32-3	66	1289
gene-BB_RS06060	cp32-3	1306	1998
gene-BB_RS06065	cp32-3	2011	2568
gene-BB_RS06070	cp32-3	2575	3339
gene-BB_RS06075	cp32-3	3369	3941
gene-BB_RS06080	cp32-3	3963	4922
gene-BB_RS06085	cp32-3	4942	5397
gene-BB_RS06090	cp32-3	5397	5780
gene-BB_RS06095	cp32-3	5768	6157
gene-BB_RS06100	cp32-3	6154	6720
gene-BB_RS06105	cp32-3	6701	7813
gene-BB_RS06110	cp32-3	7828	8256
gene-BB_RS06115	cp32-3	8272	8727
gene-BB_RS06120	cp32-3	8724	8960
gene-BB_RS06125	cp32-3	8968	10242
gene-BB_RS06130	cp32-3	10265	10948
gene-BB_RS06135	cp32-3	10952	11902
gene-BB_RS06140	cp32-3	11920	12465
gene-BB_RS06145	cp32-3	12495	12827
gene-BB_RS06150	cp32-3	12824	13699
gene-BB_RS06155	cp32-3	13709	14314
gene-BB_RS06160	cp32-3	14324	15136
gene-BB_RS06165	cp32-3	15212	15415
gene-BB_RS06170	cp32-3	15419	15766
gene-BB_RS06175	cp32-3	15756	16091
gene-BB_RS06180	cp32-3	16084	16437
gene-BB_RS06185	cp32-3	16586	16903
gene-BB_RS06190	cp32-3	17089	17697
gene-BB_RS06195	cp32-3	17803	18249
gene-BB_RS06200	cp32-3	18287	19228
gene-BB_RS06205	cp32-3	19605	20705
gene-BB_RS06210	cp32-3	20715	21281
gene-BB_RS06215	cp32-3	21257	21997
gene-BB_RS06220	cp32-3	22038	22580
gene-BB_RS06225	cp32-3	22593	23183
gene-BB_RS06230	cp32-3	23691	25016
gene-BB_RS06235	cp32-3	25069	25494
gene-BB_RS06240	cp32-3	25500	26276
gene-BB_RS06245	cp32-3	26708	27298
gene-BB_RS06250	cp32-3	27410	27919
gene-BB_RS06255	cp32-3	28067	28249
gene-BB_RS06260	cp32-3	28308	28874
gene-BB_RS06265	cp32-3	28871	30223
gene-BB_RS06270	cp32-4	66	1289
gene-BB_RS06275	cp32-4	1306	2001
gene-BB_RS06280	cp32-4	2013	2576
gene-BB_RS06285	cp32-4	2580	3347
gene-BB_RS06290	cp32-4	3376	3951
gene-BB_RS06295	cp32-4	3973	4932
gene-BB_RS06300	cp32-4	4952	5407
gene-BB_RS06305	cp32-4	5407	5790
gene-BB_RS06310	cp32-4	5778	6167
gene-BB_RS06315	cp32-4	6164	6730
gene-BB_RS06320	cp32-4	6711	7823
gene-BB_RS06325	cp32-4	7838	8266
gene-BB_RS06330	cp32-4	8282	8737
gene-BB_RS06335	cp32-4	8734	8970
gene-BB_RS06340	cp32-4	8978	10273
gene-BB_RS06345	cp32-4	10296	10892
gene-BB_RS06350	cp32-4	10896	11846
gene-BB_RS06355	cp32-4	11864	12418
gene-BB_RS06360	cp32-4	12448	12780
gene-BB_RS06365	cp32-4	12777	13652
gene-BB_RS06370	cp32-4	13662	14267
gene-BB_RS06375	cp32-4	14277	15092
gene-BB_RS06380	cp32-4	15167	15370
gene-BB_RS06385	cp32-4	15374	15721
gene-BB_RS06390	cp32-4	15711	16046
gene-BB_RS06395	cp32-4	16039	16392
gene-BB_RS06400	cp32-4	16497	16997
gene-BB_RS06405	cp32-4	17103	17525
gene-BB_RS06410	cp32-4	17573	18583
gene-BB_RS06415	cp32-4	18960	20057
gene-BB_RS06420	cp32-4	20067	20633
gene-BB_RS06425	cp32-4	20609	21364
gene-BB_RS06430	cp32-4	21415	21960
gene-BB_RS06435	cp32-4	21974	22360
gene-BB_RS06440	cp32-4	22831	24156
gene-BB_RS06445	cp32-4	24210	24635
gene-BB_RS06450	cp32-4	24641	25435
gene-BB_RS06460	cp32-4	26005	26820
gene-BB_RS06465	cp32-4	26853	27527
gene-BB_RS06470	cp32-4	27676	28203
gene-BB_RS06475	cp32-4	28384	28950
gene-BB_RS06480	cp32-4	28947	30299
gene-BB_RS06485	cp32-6	66	1289
gene-BB_RS06490	cp32-6	1306	1998
gene-BB_RS06495	cp32-6	2010	2573
gene-BB_RS06500	cp32-6	2577	3344
gene-BB_RS06505	cp32-6	3373	3948
gene-BB_RS06510	cp32-6	3970	4929
gene-BB_RS06515	cp32-6	4949	5404
gene-BB_RS06520	cp32-6	5404	5787
gene-BB_RS06525	cp32-6	5775	6164
gene-BB_RS06530	cp32-6	6161	6730
gene-BB_RS06535	cp32-6	6711	7823
gene-BB_RS06540	cp32-6	7838	8266
gene-BB_RS06545	cp32-6	8282	8737
gene-BB_RS06550	cp32-6	8734	8970
gene-BB_RS06555	cp32-6	8978	10252
gene-BB_RS06560	cp32-6	10275	10958
gene-BB_RS06565	cp32-6	10962	11912
gene-BB_RS06570	cp32-6	11930	12484
gene-BB_RS06575	cp32-6	12514	12846
gene-BB_RS06580	cp32-6	12843	13718
gene-BB_RS06585	cp32-6	13728	14333
gene-BB_RS06590	cp32-6	14343	15155
gene-BB_RS06595	cp32-6	15231	15434
gene-BB_RS06600	cp32-6	15438	15785
gene-BB_RS06605	cp32-6	15775	16110
gene-BB_RS06610	cp32-6	16103	16456
gene-BB_RS06615	cp32-6	16593	17075
gene-BB_RS06620	cp32-6	17247	17696
gene-BB_RS06625	cp32-6	17733	18680
gene-BB_RS06630	cp32-6	19069	20169
gene-BB_RS06635	cp32-6	20179	20745
gene-BB_RS06640	cp32-6	20721	21470
gene-BB_RS06645	cp32-6	21520	22098
gene-BB_RS06650	cp32-6	22102	22770
gene-BB_RS06655	cp32-6	23241	24566
gene-BB_RS06660	cp32-6	24619	25044
gene-BB_RS06665	cp32-6	25050	25826
gene-BB_RS06670	cp32-6	26257	27015
gene-BB_RS06675	cp32-6	27077	27745
gene-BB_RS06680	cp32-6	27923	28489
gene-BB_RS06685	cp32-6	28486	29838
gene-BB_RS06690	cp32-7	65	1288
gene-BB_RS06695	cp32-7	1305	1997
gene-BB_RS06700	cp32-7	2010	2567
gene-BB_RS06705	cp32-7	2574	3338
gene-BB_RS06710	cp32-7	3368	3940
gene-BB_RS06715	cp32-7	3962	4921
gene-BB_RS06720	cp32-7	4941	5396
gene-BB_RS06725	cp32-7	5396	5779
gene-BB_RS06730	cp32-7	5767	6156
gene-BB_RS06735	cp32-7	6153	6722
gene-BB_RS06740	cp32-7	6703	7815
gene-BB_RS06745	cp32-7	7830	8258
gene-BB_RS06750	cp32-7	8274	8729
gene-BB_RS06755	cp32-7	8726	8962
gene-BB_RS06760	cp32-7	8970	10304
gene-BB_RS06765	cp32-7	10317	10958
gene-BB_RS06770	cp32-7	10962	11903
gene-BB_RS06775	cp32-7	11928	12473
gene-BB_RS06780	cp32-7	12503	12835
gene-BB_RS06785	cp32-7	12832	13710
gene-BB_RS06790	cp32-7	13716	14321
gene-BB_RS06795	cp32-7	14331	15146
gene-BB_RS06800	cp32-7	15222	15425
gene-BB_RS06805	cp32-7	15429	15785
gene-BB_RS06810	cp32-7	15766	16101
gene-BB_RS06815	cp32-7	16094	16447
gene-BB_RS06820	cp32-7	16552	17139
gene-BB_RS06825	cp32-7	17245	17667
gene-BB_RS06830	cp32-7	17712	18728
gene-BB_RS06835	cp32-7	19117	20214
gene-BB_RS06840	cp32-7	20224	20790
gene-BB_RS06845	cp32-7	20766	21515
gene-BB_RS06850	cp32-7	21555	22076
gene-BB_RS06855	cp32-7	22088	22660
gene-BB_RS06860	cp32-7	23135	24460
gene-BB_RS06865	cp32-7	24513	24938
gene-BB_RS06870	cp32-7	24944	25720
gene-BB_RS06875	cp32-7	26152	26841
gene-BB_RS06880	cp32-7	26893	27984
gene-BB_RS06885	cp32-7	28176	28703
gene-BB_RS06890	cp32-7	28885	29451
gene-BB_RS06895	cp32-7	29448	30800
gene-BB_RS06900	cp32-8	66	1289
gene-BB_RS06905	cp32-8	1306	1998
gene-BB_RS06910	cp32-8	2011	2568
gene-BB_RS06915	cp32-8	2575	3339
gene-BB_RS06920	cp32-8	3369	3941
gene-BB_RS06925	cp32-8	3963	4922
gene-BB_RS06930	cp32-8	4942	5397
gene-BB_RS06935	cp32-8	5397	5780
gene-BB_RS06940	cp32-8	5768	6157
gene-BB_RS06945	cp32-8	6154	6720
gene-BB_RS06950	cp32-8	6701	7813
gene-BB_RS06955	cp32-8	7828	8256
gene-BB_RS06960	cp32-8	8272	8727
gene-BB_RS06965	cp32-8	8724	8960
gene-BB_RS06970	cp32-8	8968	10242
gene-BB_RS06975	cp32-8	10265	10948
gene-BB_RS06980	cp32-8	10952	11902
gene-BB_RS06985	cp32-8	11920	12465
gene-BB_RS06990	cp32-8	12495	12827
gene-BB_RS06995	cp32-8	12824	13699
gene-BB_RS07000	cp32-8	13709	14314
gene-BB_RS07005	cp32-8	14324	15139
gene-BB_RS07010	cp32-8	15215	15418
gene-BB_RS07015	cp32-8	15422	15769
gene-BB_RS07020	cp32-8	15759	16094
gene-BB_RS07025	cp32-8	16087	16440
gene-BB_RS07030	cp32-8	16545	17099
gene-BB_RS07035	cp32-8	17205	17651
gene-BB_RS07040	cp32-8	17688	18701
gene-BB_RS07045	cp32-8	19091	20188
gene-BB_RS07050	cp32-8	20198	20764
gene-BB_RS07055	cp32-8	20740	21480
gene-BB_RS07060	cp32-8	21540	22100
gene-BB_RS07065	cp32-8	22113	22691
gene-BB_RS07070	cp32-8	23366	24691
gene-BB_RS07075	cp32-8	24744	25169
gene-BB_RS07080	cp32-8	25175	25951
gene-BB_RS07085	cp32-8	26370	26903
gene-BB_RS07090	cp32-8	26931	28067
gene-BB_RS07095	cp32-8	28251	28790
gene-BB_RS07100	cp32-8	28970	29536
gene-BB_RS07105	cp32-8	29533	30885
gene-BB_RS07110	cp32-9	66	1292
gene-BB_RS07115	cp32-9	1309	2001
gene-BB_RS07120	cp32-9	2013	2579
gene-BB_RS07125	cp32-9	2583	3350
gene-BB_RS07130	cp32-9	3379	3953
gene-BB_RS07135	cp32-9	3975	4938
gene-BB_RS07140	cp32-9	4958	5413
gene-BB_RS07145	cp32-9	5413	5796
gene-BB_RS07150	cp32-9	5784	6173
gene-BB_RS07155	cp32-9	6170	6736
gene-BB_RS07160	cp32-9	6717	7830
gene-BB_RS07165	cp32-9	7845	8273
gene-BB_RS07170	cp32-9	8289	8745
gene-BB_RS07175	cp32-9	8742	8978
gene-BB_RS07180	cp32-9	8986	10260
gene-BB_RS07190	cp32-9	10283	11037
gene-BB_RS07195	cp32-9	11041	11991
gene-BB_RS07200	cp32-9	12009	12563
gene-BB_RS07205	cp32-9	12593	12925
gene-BB_RS07210	cp32-9	12922	13797
gene-BB_RS07215	cp32-9	13807	14413
gene-BB_RS07220	cp32-9	14423	15230
gene-BB_RS07225	cp32-9	15312	15515
gene-BB_RS07230	cp32-9	15519	15866
gene-BB_RS07235	cp32-9	15856	16191
gene-BB_RS07240	cp32-9	16184	16537
gene-BB_RS07245	cp32-9	16642	17196
gene-BB_RS07250	cp32-9	17302	17730
gene-BB_RS07255	cp32-9	17773	18714
gene-BB_RS07260	cp32-9	19164	20264
gene-BB_RS07265	cp32-9	20275	20841
gene-BB_RS07270	cp32-9	20817	21572
gene-BB_RS07275	cp32-9	21614	22174
gene-BB_RS07280	cp32-9	22184	22723
gene-BB_RS07285	cp32-9	23194	24519
gene-BB_RS07290	cp32-9	24572	24997
gene-BB_RS07295	cp32-9	25003	25779
gene-BB_RS07300	cp32-9	26210	26770
gene-BB_RS07305	cp32-9	26798	27829
gene-BB_RS07310	cp32-9	28026	28544
gene-BB_RS07315	cp32-9	28736	29302
gene-BB_RS07320	cp32-9	29299	30651
gene-BB_RS07325	lp21	253	618
gene-BB_RS07330	lp21	746	1114
gene-BB_RS07335	lp21	1519	2628
gene-BB_RS07340	lp21	2868	3656
gene-BB_RS07345	lp21	14648	15235
gene-BB_RS07350	lp21	15325	15804
gene-BB_RS07355	lp21	15791	16084
gene-BB_RS07360	lp21	16228	16512
gene-BB_RS07365	lp21	16612	16800
gene-BB_RS07370	lp21	16886	17878
gene-BB_RS07375	lp21	17934	18365
gene-BB_RS07380	lp5	264	638
gene-BB_RS07385	lp5	744	1097
gene-BB_RS07390	lp5	1208	1576
gene-BB_RS07395	lp5	2148	3254
gene-BB_RS07400	lp5	3340	4332
gene-BB_RS07405	lp5	4388	4819
gene-BB_RS07410	lp56	266	548
gene-BB_RS07415	lp56	856	1407
gene-BB_RS07420	lp56	1404	2268
gene-BB_RS07425	lp56	2744	3496
gene-BB_RS07430	lp56	3623	4086
gene-BB_RS07435	lp56	4387	4986
gene-BB_RS07440	lp56	5069	5830
gene-BB_RS07445	lp56	5803	6339
gene-BB_RS07450	lp56	6336	6593
gene-BB_RS07455	lp56	6586	6807
gene-BB_RS07460	lp56	6836	7411
gene-BB_RS07465	lp56	7433	8392
gene-BB_RS07470	lp56	8412	8867
gene-BB_RS07475	lp56	8867	9250
gene-BB_RS07480	lp56	9238	9627
gene-BB_RS07485	lp56	9624	10190
gene-BB_RS07490	lp56	10171	11283
gene-BB_RS07495	lp56	11297	11725
gene-BB_RS07500	lp56	11741	12196
gene-BB_RS07505	lp56	12193	12429
gene-BB_RS07510	lp56	12437	13732
gene-BB_RS07515	lp56	13755	14438
gene-BB_RS07520	lp56	14442	15392
gene-BB_RS07525	lp56	15410	15964
gene-BB_RS07530	lp56	15994	16326
gene-BB_RS07535	lp56	16323	17198
gene-BB_RS07540	lp56	17208	17813
gene-BB_RS07545	lp56	17823	18638
gene-BB_RS07550	lp56	18713	18916
gene-BB_RS07555	lp56	18920	19267
gene-BB_RS07560	lp56	19257	19592
gene-BB_RS07565	lp56	19585	19938
gene-BB_RS07570	lp56	20043	20738
gene-BB_RS07575	lp56	20844	21455
gene-BB_RS07580	lp56	21532	22479
gene-BB_RS07585	lp56	22869	23966
gene-BB_RS07590	lp56	23976	24542
gene-BB_RS07595	lp56	24518	25273
gene-BB_RS07600	lp56	25317	25877
gene-BB_RS07605	lp56	25890	26426
gene-BB_RS07610	lp56	26921	28246
gene-BB_RS07615	lp56	28299	28724
gene-BB_RS07620	lp56	28730	29506
gene-BB_RS07625	lp56	29937	30974
gene-BB_RS07630	lp56	31168	31710
gene-BB_RS07635	lp56	31892	32458
gene-BB_RS07640	lp56	32455	33807
gene-BB_RS07645	lp56	33873	35098
gene-BB_RS07650	lp56	35115	35807
gene-BB_RS07655	lp56	35819	36385
gene-BB_RS07660	lp56	36389	37135
gene-BB_RS07665	lp56	37042	37443
gene-BB_RS07675	lp56	38565	38936
gene-BB_RS07685	lp56	39959	40186
gene-BB_RS07690	lp56	40436	43696
gene-BB_RS07695	lp56	43915	44232
gene-BB_RS07705	lp56	47784	48626
gene-BB_RS07710	lp56	49344	49538
gene-BB_RS07720	lp56	51172	51528
gene-BB_RS07725	lp56	51918	52067
gene-BB_RS07730	lp56	52135	52608
gene-BB_RS07735	chromosome	162878	163045
gene-BB_RS07740	chromosome	642289	642441
gene-BB_RS07750	lp36	22294	22467
gene-BB_RS07755	lp54	15148	15306
gene-BB_RS07775	chromosome	907176	908264
gene-BB_RS07780	lp28-3	3136	3342
gene-BB_RS07785	lp28-3	8345	8863
gene-BB_RS07790	lp28-3	20412	20710
gene-BB_RS07795	lp28-3	24858	25001
gene-BB_RS07800	lp25	21558	21704
gene-BB_RS07805	lp28-2	12309	12518
gene-BB_RS07810	lp38	1864	1994
gene-BB_RS07815	lp38	3692	3739
gene-BB_RS07820	lp38	29561	29641
gene-BB_RS07825	lp36	17092	17331
gene-BB_RS07830	lp36	19338	19904
gene-BB_RS07835	lp28-4	6423	6833
gene-BB_RS07840	lp28-4	20448	20592
gene-BB_RS07845	lp28-4	25794	26036
gene-BB_RS07850	lp17	2387	2542
gene-BB_RS07855	lp17	4714	4835
gene-BB_RS07860	lp17	12176	12340
gene-BB_RS07865	lp17	14934	15005
gene-BB_RS07870	lp28-1	1	185
gene-BB_RS07875	lp28-1	5443	5550
gene-BB_RS07880	lp28-1	10033	10179
gene-BB_RS07885	lp28-1	16613	16825
gene-BB_RS07890	lp28-1	17167	17415
gene-BB_RS07895	lp56	37816	38196
gene-BB_RS07900	lp56	44714	44983
gene-BB_RS07905	lp56	45801	46001
gene-BB_RS07910	lp56	50395	50550
gene-BB_RS07915	lp28-3	13837	13941
gene-BB_RS07920	lp28-3	14013	14132
gene-BB_RS07925	lp28-3	14489	14569
gene-BB_RS07930	lp25	8312	8434
gene-BB_RS07935	lp25	16915	17097
gene-BB_RS07940	lp25	17160	17321
gene-BB_RS07955	lp54	49447	50095
gene-BB_RS07960	lp56	39802	39933
gene-BB_RS07965	lp56	46001	46129
