bglX	gene-BB_RS00010	99.223	1029	0.0
manB	gene-BB_RS00020	99.387	1794	0.0
perM	gene-BB_RS00030	100.000	1089	0.0
group_199	gene-BB_RS00035	99.767	858	0.0
cdaA	gene-BB_RS00040	100.000	771	0.0
group_145	gene-BB_RS00045	99.801	1005	0.0
acpS	gene-BB_RS00050	99.467	375	0.0
group_210	gene-BB_RS00055	99.524	840	0.0
truA	gene-BB_RS00060	99.460	741	0.0
group_472	gene-BB_RS00065	99.667	600	0.0
priA	gene-BB_RS00070	99.748	1983	0.0
udk	gene-BB_RS00075	99.678	621	0.0
yitT	gene-BB_RS00085	99.167	960	0.0
rluD	gene-BB_RS00090	99.185	981	0.0
group_587	gene-BB_RS00095	99.415	513	0.0
pfp	gene-BB_RS00100	99.760	1668	0.0
ruvB	gene-BB_RS00110	99.617	1044	0.0
ruvA	gene-BB_RS00115	99.327	594	0.0
tACO1	gene-BB_RS00125	100.000	732	0.0
folD	gene-BB_RS00130	99.779	906	0.0
group_396	gene-BB_RS00135	99.687	639	0.0
bamB	gene-BB_RS00140	99.810	1050	0.0
yaiI	gene-BB_RS00145	99.769	432	0.0
group_398	gene-BB_RS00150	99.843	636	0.0
lepB	gene-BB_RS00155	99.694	981	0.0
smpB	gene-BB_RS00165	99.117	453	0.0
group_573	gene-BB_RS00170	99.444	540	0.0
parC	gene-BB_RS00175	98.990	1881	0.0
parE	gene-BB_RS00180	99.500	1800	0.0
group_69	gene-BB_RS00190	99.473	1518	0.0
group_70	gene-BB_RS00195	99.800	1503	0.0
group_204	gene-BB_RS00200	99.765	852	0.0
phoU	gene-BB_RS00205	100.000	672	0.0
group_30	gene-BB_RS00210	99.328	1041	0.0
group_608	gene-BB_RS00215	100.000	402	0.0
smc	gene-BB_RS00220	99.387	2448	0.0
rnhB	gene-BB_RS00225	99.451	546	0.0
bpuR	gene-BB_RS00230	98.645	369	0.0
yhhQ	gene-BB_RS00245	99.556	675	0.0
group_780	gene-BB_RS00250	99.565	690	0.0
trmH	gene-BB_RS00255	99.239	657	0.0
ung	gene-BB_RS00260	99.554	672	0.0
secG	gene-BB_RS00265	99.174	363	0.0
tpiA	gene-BB_RS00270	99.738	762	0.0
pgk	gene-BB_RS00275	99.662	1182	0.0
gap	gene-BB_RS00280	99.901	1008	0.0
bepA	gene-BB_RS00285	99.899	1971	0.0
tlyC	gene-BB_RS00290	99.487	780	0.0
ybeY	gene-BB_RS00295	98.932	468	0.0
trxA	gene-BB_RS00300	99.435	354	0.0
rsmE1	gene-BB_RS00305	99.303	717	0.0
fmt	gene-BB_RS00315	99.787	939	0.0
def	gene-BB_RS00320	99.398	498	0.0
group_347	gene-BB_RS00325	98.696	690	0.0
pepP	gene-BB_RS00330	99.382	1779	0.0
cof	gene-BB_RS00335	99.773	882	0.0
ampS	gene-BB_RS00340	99.839	1239	0.0
yuiD	gene-BB_RS00345	99.351	462	0.0
group_18	gene-BB_RS00350	99.661	1473	0.0
rnfC	gene-BB_RS00355	99.656	2325	0.0
group_554	gene-BB_RS00360	99.643	561	0.0
group_75	gene-BB_RS00370	99.645	1410	0.0
ftsY	gene-BB_RS00375	99.764	846	0.0
group_141	gene-BB_RS00380	99.028	1029	0.0
group_85	gene-BB_RS00385	99.602	1255	0.0
group_360	gene-BB_RS00390	100.000	681	0.0
lolC~~~lolE	gene-BB_RS00395	98.561	1251	0.0
group_257	gene-BB_RS00400	99.615	1299	0.0
group_630	gene-BB_RS00405	100.000	321	9.47e-167
csd	gene-BB_RS00410	100.000	1269	0.0
iscU	gene-BB_RS00415	99.765	426	0.0
ldh	gene-BB_RS00425	99.790	951	0.0
group_596	gene-BB_RS00440	100.000	435	0.0
atpI	gene-BB_RS00445	99.617	1827	0.0
atpD	gene-BB_RS00450	99.836	609	0.0
atpB	gene-BB_RS00455	99.847	1305	0.0
atpA	gene-BB_RS00460	99.769	1728	0.0
group_475	gene-BB_RS00470	99.500	600	0.0
group_617	gene-BB_RS00475	99.742	387	0.0
mutS2	gene-BB_RS00480	99.232	2343	0.0
rsgA	gene-BB_RS00485	99.567	924	0.0
murI	gene-BB_RS00490	99.237	786	0.0
asnS	gene-BB_RS00495	99.640	1389	0.0
group_180	gene-BB_RS00500	97.893	522	0.0
hpt1	gene-BB_RS00505	99.663	594	0.0
degQ	gene-BB_RS00510	98.456	1425	0.0
map	gene-BB_RS00515	99.735	756	0.0
group_61	gene-BB_RS00520	99.940	1668	0.0
surA	gene-BB_RS00530	100.000	1011	0.0
paaJ	gene-BB_RS00535	99.666	1197	0.0
group_740	gene-BB_RS00540	99.707	1365	0.0
dnaB	gene-BB_RS00545	99.927	1368	0.0
rplI	gene-BB_RS00550	100.000	522	0.0
rpsR	gene-BB_RS00555	99.656	291	6.36e-149
ssb	gene-BB_RS00560	99.778	450	0.0
rpsF	gene-BB_RS00565	99.286	420	0.0
ptsG2	gene-BB_RS00570	99.764	1695	0.0
yqfA	gene-BB_RS00575	98.433	702	0.0
rseP	gene-BB_RS00580	98.771	1302	0.0
group_205	gene-BB_RS00585	99.883	852	0.0
rpsB	gene-BB_RS00605	97.573	783	0.0
rpsA	gene-BB_RS00625	99.275	1656	0.0
cmk	gene-BB_RS00630	98.198	666	0.0
rsuA	gene-BB_RS00635	99.333	750	0.0
group_270	gene-BB_RS00640	99.609	768	0.0
recA	gene-BB_RS00645	98.452	1098	0.0
greA	gene-BB_RS00650	99.224	2706	0.0
group_164	gene-BB_RS00655	99.894	945	0.0
ftsI	gene-BB_RS00670	99.524	1890	0.0
group_39	gene-BB_RS00675	99.683	1893	0.0
group_10	gene-BB_RS00690	99.409	3216	0.0
acrA	gene-BB_RS00695	99.581	954	0.0
tolC	gene-BB_RS00700	99.767	1287	0.0
proX	gene-BB_RS00710	98.740	873	0.0
proW	gene-BB_RS00715	99.778	900	0.0
proV	gene-BB_RS00720	99.732	1119	0.0
flaB	gene-BB_RS00725	99.802	1011	0.0
fliD	gene-BB_RS00730	99.600	1998	0.0
nagA	gene-BB_RS00735	99.502	1206	0.0
nagB	gene-BB_RS00740	99.752	807	0.0
group_600	gene-BB_RS00765	100.000	417	0.0
alr	gene-BB_RS00780	99.732	1119	0.0
group_62	gene-BB_RS00785	99.813	1602	0.0
group_689	gene-BB_RS07735	100.000	168	4.85e-84
group_53	gene-BB_RS00790	99.371	1749	0.0
group_148	gene-BB_RS00795	99.899	987	0.0
group_45	gene-BB_RS00800	99.729	1845	0.0
group_66	gene-BB_RS00805	99.737	1521	0.0
ompA	gene-BB_RS00810	99.915	1170	0.0
dksA	gene-BB_RS00815	98.677	378	0.0
infA	gene-BB_RS00820	99.099	222	1.76e-110
group_32	gene-BB_RS00825	99.351	2004	0.0
group_503	gene-BB_RS00830	98.299	588	0.0
terY	gene-BB_RS00835	99.392	987	0.0
chlD	gene-BB_RS00840	99.202	1002	0.0
batD	gene-BB_RS00845	100.000	906	0.0
yeaD2	gene-BB_RS00850	99.543	876	0.0
moxR	gene-BB_RS00855	99.094	993	0.0
rsmG	gene-BB_RS00860	99.362	627	0.0
mnmG	gene-BB_RS00865	99.196	1866	0.0
mnmE	gene-BB_RS00870	99.642	1395	0.0
flbF	gene-BB_RS00875	100.000	495	0.0
flgK	gene-BB_RS00880	99.788	1884	0.0
flgL	gene-BB_RS00885	99.529	1275	0.0
fliW	gene-BB_RS00890	100.000	393	0.0
csrA	gene-BB_RS00895	100.000	246	3.36e-126
tsaB	gene-BB_RS00900	100.000	654	0.0
tsaE	gene-BB_RS00905	99.517	414	0.0
group_654	gene-BB_RS00910	100.000	261	2.58e-134
rplT	gene-BB_RS00915	99.425	348	3.06e-179
infC	gene-BB_RS00925	99.643	561	0.0
group_382	gene-BB_RS00930	100.000	654	0.0
group_309	gene-BB_RS00935	100.000	741	0.0
tatD	gene-BB_RS00940	98.642	810	0.0
lapB	gene-BB_RS00945	99.298	1140	0.0
prfA	gene-BB_RS00950	99.255	1074	0.0
prmC	gene-BB_RS00955	99.187	861	0.0
spoT	gene-BB_RS00960	99.351	2004	0.0
group_745	gene-BB_RS00965	98.808	2265	0.0
ddl	gene-BB_RS00970	98.987	1086	0.0
corB~~~tlyC	gene-BB_RS00985	99.274	1239	0.0
hflK	gene-BB_RS00990	99.573	936	0.0
hflC	gene-BB_RS00995	100.000	972	0.0
rsmD	gene-BB_RS01015	99.628	537	0.0
group_213	gene-BB_RS01020	99.761	837	0.0
group_54	gene-BB_RS01025	99.427	1746	0.0
group_271	gene-BB_RS01030	99.479	768	0.0
bepA~~~lmp1	gene-BB_RS01035	97.655	2260	0.0
group_139	gene-BB_RS01045	99.709	1032	0.0
group_383	gene-BB_RS01055	99.083	654	0.0
efp	gene-BB_RS01060	99.827	579	0.0
pstS	gene-BB_RS01065	99.881	840	0.0
pstC	gene-BB_RS01070	99.780	909	0.0
pstA	gene-BB_RS01075	98.747	1437	0.0
pstB	gene-BB_RS01080	97.063	783	0.0
zupT	gene-BB_RS01085	99.392	822	0.0
alaS	gene-BB_RS01090	99.384	1785	0.0
fliG	gene-BB_RS01095	99.754	1218	0.0
pgl	gene-BB_RS01100	99.859	708	0.0
group_628	gene-BB_RS01105	99.718	354	0.0
group_738	gene-BB_RS01115	98.810	1008	0.0
serS	gene-BB_RS01120	99.374	1278	0.0
group_334	gene-BB_RS01125	99.430	702	0.0
cym1	gene-BB_RS01130	99.520	2916	0.0
rpmE2	gene-BB_RS01135	99.187	246	1.74e-123
rho	gene-BB_RS01140	99.677	1546	0.0
group_606	gene-BB_RS01145	99.755	408	0.0
hbb	gene-BB_RS01150	99.388	327	2.51e-167
rpsT	gene-BB_RS01155	99.225	258	5.62e-130
orfR	gene-BB_RS01160	99.517	828	0.0
ychF	gene-BB_RS01165	99.548	1107	0.0
yncE	gene-BB_RS01170	98.804	2007	0.0
lnt	gene-BB_RS01175	99.042	1566	0.0
group_269	gene-BB_RS01180	99.870	771	0.0
dck	gene-BB_RS01185	99.502	603	0.0
glpF	gene-BB_RS01190	99.869	765	0.0
glpK	gene-BB_RS01195	99.535	1506	0.0
glpA	gene-BB_RS01200	99.424	1563	0.0
yaaR	gene-BB_RS01205	99.596	495	0.0
group_563	gene-BB_RS01210	100.000	555	0.0
nlpD	gene-BB_RS01215	99.805	1026	0.0
rdgB	gene-BB_RS01220	99.835	606	0.0
pepF	gene-BB_RS01225	98.872	1773	0.0
pcs	gene-BB_RS01230	99.007	705	0.0
dedA	gene-BB_RS01235	99.837	615	0.0
leuS	gene-BB_RS01245	98.969	2523	0.0
mMPL	gene-BB_RS01250	99.306	2304	0.0
lon	gene-BB_RS01255	99.752	2421	0.0
recJ	gene-BB_RS01260	99.530	2127	0.0
group_165	gene-BB_RS01265	100.000	945	0.0
rpsU	gene-BB_RS01270	100.000	210	9.87e-107
ftsK	gene-BB_RS01275	99.365	2364	0.0
uppP	gene-BB_RS01280	99.625	801	0.0
mltE	gene-BB_RS01285	99.629	2154	0.0
tPR	gene-BB_RS01295	99.711	1383	0.0
lysM	gene-BB_RS01300	99.761	1254	0.0
group_590	gene-BB_RS01305	100.000	507	0.0
group_73	gene-BB_RS01310	99.524	1470	0.0
group_582	gene-BB_RS01315	99.425	522	0.0
fapA	gene-BB_RS01325	99.633	1905	0.0
hfq	gene-BB_RS01330	99.375	480	0.0
group_186	gene-BB_RS01335	99.662	888	0.0
flhF	gene-BB_RS01340	99.914	1167	0.0
flhA	gene-BB_RS01345	99.857	2091	0.0
flhB	gene-BB_RS01350	99.553	1119	0.0
fliR	gene-BB_RS01355	99.493	789	0.0
fliQ	gene-BB_RS01360	99.242	264	3.18e-133
fliP	gene-BB_RS01365	98.953	764	0.0
fliN	gene-BB_RS01375	100.000	342	3.66e-178
fliM	gene-BB_RS01380	99.906	1059	0.0
fliL	gene-BB_RS01385	98.883	537	0.0
motB	gene-BB_RS01390	99.617	783	0.0
motA	gene-BB_RS01395	100.000	783	0.0
swrD	gene-BB_RS01400	100.000	225	7.67e-115
flgE	gene-BB_RS01405	99.549	1329	0.0
flgD	gene-BB_RS01410	99.550	444	0.0
group_430	gene-BB_RS01420	99.353	618	0.0
group_736	gene-BB_RS01425	99.306	432	0.0
fliI	gene-BB_RS01430	99.619	1311	0.0
fliH	gene-BB_RS01435	98.806	921	0.0
group_137	gene-BB_RS01440	99.517	1035	0.0
fliF	gene-BB_RS01445	99.532	1710	0.0
fliE	gene-BB_RS01450	98.512	336	7.42e-168
flgC	gene-BB_RS01455	100.000	459	0.0
flgB	gene-BB_RS01460	99.510	408	0.0
hslU	gene-BB_RS01465	100.000	1347	0.0
hslV	gene-BB_RS01470	99.454	549	0.0
dprA	gene-BB_RS01475	99.259	945	0.0
group_341	gene-BB_RS01480	99.423	693	0.0
ftsZ	gene-BB_RS01485	99.083	1200	0.0
ftsA	gene-BB_RS01490	100.000	1242	0.0
ftsQ	gene-BB_RS01495	99.866	744	0.0
ftsW	gene-BB_RS01500	98.867	1059	0.0
mraY	gene-BB_RS01505	99.716	1056	0.0
murF	gene-BB_RS01510	99.497	1392	0.0
ftsL	gene-BB_RS01515	100.000	282	1.12e-145
rsmH	gene-BB_RS01520	99.439	891	0.0
group_214	gene-BB_RS01525	99.642	837	0.0
group_126	gene-BB_RS01530	99.536	1077	0.0
group_288	gene-BB_RS01535	99.605	759	0.0
nadK	gene-BB_RS01540	99.881	840	0.0
group_580	gene-BB_RS01545	100.000	531	0.0
rlmE	gene-BB_RS01550	99.655	579	0.0
ispA	gene-BB_RS01555	99.713	1044	0.0
group_352	gene-BB_RS01560	100.000	687	0.0
nupQ	gene-BB_RS01565	99.752	807	0.0
group_172	gene-BB_RS01570	98.928	933	0.0
mglA	gene-BB_RS01575	99.658	1461	0.0
nupN	gene-BB_RS01580	99.620	1053	0.0
group_142	gene-BB_RS01590	99.417	1029	0.0
xkdP	gene-BB_RS01595	99.384	1137	0.0
bamD	gene-BB_RS01600	100.000	360	0.0
group_33	gene-BB_RS01605	99.550	1110	0.0
group_183	gene-BB_RS01615	99.889	897	0.0
oppA	gene-BB_RS01630	99.569	1626	0.0
group_178	gene-BB_RS01635	97.177	921	0.0
dppC	gene-BB_RS01640	99.524	1050	0.0
dppD	gene-BB_RS01645	99.427	873	0.0
gsiA	gene-BB_RS01650	99.280	972	0.0
group_737	gene-BB_RS01655	99.863	732	0.0
eno	gene-BB_RS01660	98.848	1302	0.0
rpsI	gene-BB_RS01665	99.027	411	0.0
rplM	gene-BB_RS01670	99.773	441	0.0
group_783	gene-BB_RS01700	99.250	1200	0.0
lolA	gene-BB_RS01705	100.000	651	0.0
rqcH	gene-BB_RS01710	99.789	1419	0.0
amrB	gene-BB_RS01720	99.325	741	0.0
group_63	gene-BB_RS01730	99.617	1566	0.0
group_109	gene-BB_RS01735	99.643	1122	0.0
group_753	gene-BB_RS01740	99.500	1800	0.0
group_156	gene-BB_RS01745	99.685	951	0.0
cdnL	gene-BB_RS01750	100.000	489	0.0
group_488	gene-BB_RS01755	99.328	595	0.0
ctpA	gene-BB_RS01765	98.950	1428	0.0
group_749	gene-BB_RS01775	98.688	1143	0.0
lgt	gene-BB_RS01780	98.987	987	0.0
pdeA	gene-BB_RS01785	99.205	2013	0.0
apeA	gene-BB_RS01800	99.201	1377	0.0
group_129	gene-BB_RS01810	98.772	1059	0.0
tyrS	gene-BB_RS01820	99.097	1218	0.0
glyQS	gene-BB_RS01825	99.925	1338	0.0
gltX	gene-BB_RS01830	99.457	1473	0.0
group_272	gene-BB_RS01835	99.740	768	0.0
pdeB	gene-BB_RS01840	99.825	1140	0.0
group_328	gene-BB_RS01845	99.580	714	0.0
metK	gene-BB_RS01850	99.491	1179	0.0
luxS	gene-BB_RS01855	99.789	474	0.0
hinT	gene-BB_RS01865	99.762	420	0.0
mgtE	gene-BB_RS01870	99.414	1365	0.0
treA	gene-BB_RS01875	99.368	1425	0.0
bmpB	gene-BB_RS01880	99.708	1026	0.0
bmpA	gene-BB_RS01885	99.902	1020	0.0
bmpC	gene-BB_RS01890	99.812	1062	0.0
bmpD	gene-BB_RS01895	99.903	1026	0.0
rpsG	gene-BB_RS01900	99.789	474	0.0
rpsL	gene-BB_RS01905	99.733	375	0.0
rpoC	gene-BB_RS01910	99.782	4134	0.0
rpoB	gene-BB_RS01915	99.106	3468	0.0
rplL	gene-BB_RS01920	99.467	375	0.0
rplJ	gene-BB_RS01925	99.387	489	0.0
rplA	gene-BB_RS01930	99.853	681	0.0
rplK	gene-BB_RS01935	100.000	432	0.0
nusG	gene-BB_RS01940	99.279	555	0.0
secE	gene-BB_RS01945	100.000	171	1.16e-85
rpmG	gene-BB_RS01955	100.000	180	1.60e-90
group_208	gene-BB_RS01965	99.529	849	0.0
aNKYR	gene-BB_RS01975	97.727	660	0.0
group_65	gene-BB_RS01980	98.445	1543	0.0
proS	gene-BB_RS01990	99.659	1467	0.0
group_365	gene-BB_RS01995	99.705	678	0.0
group_601	gene-BB_RS02000	99.520	417	0.0
group_433	gene-BB_RS02005	99.837	612	0.0
group_434	gene-BB_RS02010	99.510	612	0.0
manA	gene-BB_RS02015	100.000	1119	0.0
group_189	gene-BB_RS02030	99.320	882	0.0
group_262	gene-BB_RS02035	99.103	780	0.0
sEC59	gene-BB_RS02040	99.517	621	0.0
group_200	gene-BB_RS02045	99.883	858	0.0
group_108	gene-BB_RS02050	99.911	1128	0.0
group_92	gene-BB_RS02055	99.506	1215	0.0
adk	gene-BB_RS02060	99.528	636	0.0
group_143	gene-BB_RS02065	99.223	1029	0.0
rrp1	gene-BB_RS02070	99.892	924	0.0
cheY	gene-BB_RS02075	99.554	4485	0.0
group_244	gene-BB_RS02110	99.524	840	0.0
mpg	gene-BB_RS02115	98.752	561	0.0
rCL	gene-BB_RS02135	99.636	549	0.0
group_635	gene-BB_RS02145	99.686	318	1.54e-163
group_614	gene-BB_RS02150	100.000	390	0.0
group_447	gene-BB_RS02155	99.835	606	0.0
group_294	gene-BB_RS02160	99.336	753	0.0
group_329	gene-BB_RS02165	99.580	714	0.0
parB	gene-BB_RS02170	99.617	783	0.0
gyrA	gene-BB_RS02175	99.589	2433	0.0
gyrB	gene-BB_RS02180	99.580	1905	0.0
dnaN	gene-BB_RS02190	98.877	1158	0.0
rpmH	gene-BB_RS02200	100.000	156	1.46e-77
rnpA	gene-BB_RS02205	99.722	360	0.0
yidC	gene-BB_RS02210	99.633	1635	0.0
jag	gene-BB_RS02215	99.726	729	0.0
wcaG	gene-BB_RS02220	100.000	1068	0.0
fbaA	gene-BB_RS02225	99.630	1080	0.0
aspS	gene-BB_RS02235	99.546	1761	0.0
ptsN	gene-BB_RS02240	99.668	2106	0.0
group_721	gene-BB_RS02245	99.275	276	1.02e-139
raiA	gene-BB_RS02250	100.000	294	3.56e-152
rpoN	gene-BB_RS02255	99.603	1260	0.0
group_579	gene-BB_RS02260	99.064	534	0.0
chrA	gene-BB_RS02265	100.000	588	0.0
mscS	gene-BB_RS02270	99.763	843	0.0
rfaB	gene-BB_RS02275	99.826	1152	0.0
holA	gene-BB_RS02280	99.697	990	0.0
group_448	gene-BB_RS02285	99.010	606	0.0
uvrC	gene-BB_RS02290	99.558	1812	0.0
group_86	gene-BB_RS02300	99.847	1311	0.0
group_443	gene-BB_RS02315	99.860	714	0.0
dnaX	gene-BB_RS02335	99.406	1683	0.0
efbC	gene-BB_RS02340	100.000	300	2.01e-155
ndk	gene-BB_RS02345	99.608	510	0.0
group_581	gene-BB_RS02350	99.621	528	0.0
group_335	gene-BB_RS02355	100.000	696	0.0
lptB	gene-BB_RS02360	99.495	792	0.0
pgeF	gene-BB_RS02365	99.565	690	0.0
nIF3	gene-BB_RS02370	99.598	747	0.0
lspA	gene-BB_RS02375	100.000	513	0.0
ymdB	gene-BB_RS02385	99.513	822	0.0
murA	gene-BB_RS02390	99.221	1284	0.0
norM	gene-BB_RS02395	99.927	1365	0.0
group_612	gene-BB_RS02400	99.744	390	0.0
tuf	gene-BB_RS02405	99.662	1185	0.0
rpsJ	gene-BB_RS02410	99.679	312	2.73e-160
rplC	gene-BB_RS02415	99.517	621	0.0
rplD	gene-BB_RS02420	99.683	630	0.0
rplW	gene-BB_RS02425	99.327	297	4.38e-151
rplB	gene-BB_RS02430	99.640	834	0.0
rpsS	gene-BB_RS02435	99.642	279	2.00e-142
rplV	gene-BB_RS02440	99.449	363	0.0
rplP	gene-BB_RS02450	99.760	417	0.0
rpmC	gene-BB_RS02455	99.502	201	3.07e-100
rpsQ	gene-BB_RS02460	100.000	255	4.55e-131
rplN	gene-BB_RS02465	98.370	368	0.0
rplX	gene-BB_RS02470	100.000	306	1.14e-158
rplE	gene-BB_RS02475	99.636	549	0.0
rplF	gene-BB_RS02490	99.632	543	0.0
rplR	gene-BB_RS02495	100.000	360	0.0
rpsE	gene-BB_RS02500	99.598	498	0.0
rpmD	gene-BB_RS02505	99.020	306	2.50e-154
rplO	gene-BB_RS02510	98.630	438	0.0
secY	gene-BB_RS02515	98.314	1305	0.0
rpmJ	gene-BB_RS02520	100.000	114	6.41e-55
rpsM	gene-BB_RS02525	99.471	378	0.0
rpsK	gene-BB_RS02530	99.746	393	0.0
rpoA	gene-BB_RS02535	99.034	1035	0.0
rplQ	gene-BB_RS02540	99.194	372	0.0
rny	gene-BB_RS02545	99.087	1533	0.0
group_730	gene-BB_RS02550	98.606	789	0.0
gerM	gene-BB_RS02560	99.866	747	0.0
der	gene-BB_RS02565	99.923	1302	0.0
group_84	gene-BB_RS02570	99.762	1260	0.0
group_348	gene-BB_RS02575	98.991	694	0.0
group_0	gene-BB_RS02580	99.369	6501	0.0
pheS	gene-BB_RS02585	99.364	1572	0.0
pheT	gene-BB_RS02590	99.471	1701	0.0
trxB	gene-BB_RS02595	99.898	981	0.0
rlmB	gene-BB_RS02600	98.518	742	0.0
dnaJ	gene-BB_RS02605	100.000	1095	0.0
dnaK	gene-BB_RS02610	99.843	1908	0.0
grpE	gene-BB_RS02615	100.000	564	0.0
nadE	gene-BB_RS02620	99.610	1539	0.0
suhB	gene-BB_RS02625	99.649	855	0.0
group_599	gene-BB_RS02630	99.527	423	0.0
group_48	gene-BB_RS02635	99.287	1824	0.0
coaX	gene-BB_RS02640	99.620	789	0.0
pdxI	gene-BB_RS02645	99.895	948	0.0
group_754	gene-BB_RS02650	99.383	810	0.0
group_432	gene-BB_RS02655	99.512	615	0.0
group_83	gene-BB_RS02660	99.614	1294	0.0
phnP	gene-BB_RS02665	99.344	762	0.0
xth	gene-BB_RS02670	99.870	768	0.0
group_268	gene-BB_RS02675	99.483	774	0.0
pqqL	gene-BB_RS02680	99.251	2802	0.0
group_392	gene-BB_RS02695	99.690	645	0.0
group_609	gene-BB_RS02700	99.749	399	0.0
ybhL	gene-BB_RS02705	99.857	699	0.0
group_776	gene-BB_RS02710	99.520	2082	0.0
group_722	gene-BB_RS02715	98.690	229	4.03e-112
group_388	gene-BB_RS02725	98.003	651	0.0
prs	gene-BB_RS02730	99.672	1221	0.0
group_78	gene-BB_RS02735	99.341	1365	0.0
polA	gene-BB_RS02750	99.853	2727	0.0
fliS	gene-BB_RS02760	100.000	438	0.0
ligA	gene-BB_RS02770	99.445	1983	0.0
group_71	gene-BB_RS02775	99.465	1494	0.0
group_17	gene-BB_RS02780	99.624	1863	0.0
cutB	gene-BB_RS02790	99.655	870	0.0
ptsH	gene-BB_RS02795	99.617	261	1.10e-132
ptsI	gene-BB_RS02800	99.652	1722	0.0
crr	gene-BB_RS02805	99.825	570	0.0
htpG	gene-BB_RS02810	99.568	1851	0.0
gnd	gene-BB_RS02815	98.853	1395	0.0
group_570	gene-BB_RS02820	99.263	543	0.0
group_567	gene-BB_RS02825	100.000	519	0.0
group_449	gene-BB_RS02830	99.670	606	0.0
cheW	gene-BB_RS02835	100.000	543	0.0
group_637	gene-BB_RS02840	100.000	312	6.42e-162
group_25	gene-BB_RS02845	99.534	2145	0.0
cheB	gene-BB_RS02850	99.827	1158	0.0
group_51	gene-BB_RS02855	99.774	1773	0.0
group_622	gene-BB_RS02860	97.067	375	0.0
pyrH	gene-BB_RS02870	99.275	690	0.0
group_229	gene-BB_RS02880	95.043	807	0.0
group_206	gene-BB_RS02885	98.357	852	0.0
pyrG	gene-BB_RS02890	99.750	1602	0.0
group_504	gene-BB_RS02900	100.000	588	0.0
group_101	gene-BB_RS02905	99.829	1170	0.0
dnaE	gene-BB_RS02910	99.623	3444	0.0
recG	gene-BB_RS02920	99.515	2061	0.0
ldcB	gene-BB_RS02925	99.747	789	0.0
group_80	gene-BB_RS02930	99.852	1350	0.0
group_81	gene-BB_RS02935	99.625	1335	0.0
murD	gene-BB_RS02940	99.779	1356	0.0
fmhB	gene-BB_RS02945	100.000	1044	0.0
metG	gene-BB_RS02950	99.501	2205	0.0
group_243	gene-BB_RS02955	99.624	798	0.0
pta	gene-BB_RS02960	99.432	1056	0.0
rsmA	gene-BB_RS02965	100.000	846	0.0
comEC	gene-BB_RS02970	99.920	1251	0.0
ydiL	gene-BB_RS02975	100.000	714	0.0
fAA1	gene-BB_RS02980	99.897	1938	0.0
argS	gene-BB_RS02985	99.317	1758	0.0
rnfE	gene-BB_RS02990	99.203	627	0.0
group_24	gene-BB_RS02995	99.674	2148	0.0
tar	gene-BB_RS03000	99.683	2208	0.0
murB	gene-BB_RS03005	99.340	909	0.0
cysS	gene-BB_RS03010	99.099	1443	0.0
group_64	gene-BB_RS03015	99.358	1557	0.0
glyA	gene-BB_RS03020	99.442	1254	0.0
group_295	gene-BB_RS03025	99.602	753	0.0
group_44	gene-BB_RS03030	98.978	1860	0.0
lldP	gene-BB_RS03035	99.800	1503	0.0
dacC	gene-BB_RS03040	99.672	1218	0.0
cheD	gene-BB_RS03045	99.593	492	0.0
uvrD	gene-BB_RS03050	99.090	1978	0.0
tig	gene-BB_RS03080	99.560	1365	0.0
clpP	gene-BB_RS03085	99.829	585	0.0
clpX	gene-BB_RS03090	99.691	1293	0.0
group_19	gene-BB_RS03095	99.582	2391	0.0
group_692	gene-BB_RS07740	98.693	153	3.14e-73
rpsD	gene-BB_RS03100	99.362	627	0.0
group_625	gene-BB_RS03115	100.000	369	0.0
cdd	gene-BB_RS03120	99.570	465	0.0
nrnA	gene-BB_RS03125	99.377	963	0.0
group_750	gene-BB_RS03130	99.499	1596	0.0
ackA	gene-BB_RS03145	99.179	1218	0.0
mfd	gene-BB_RS03150	99.053	3378	0.0
group_154	gene-BB_RS03155	99.585	963	0.0
group_751	gene-BB_RS03160	99.713	2094	0.0
apeB	gene-BB_RS03175	99.450	1272	0.0
group_320	gene-BB_RS03180	99.725	726	0.0
group_43	gene-BB_RS03185	99.199	1872	0.0
pfkB	gene-BB_RS03190	99.675	924	0.0
group_636	gene-BB_RS03195	99.683	315	6.48e-162
recD	gene-BB_RS03205	99.673	1833	0.0
recB	gene-BB_RS03210	99.573	3510	0.0
group_11	gene-BB_RS03215	99.691	3241	0.0
pncB	gene-BB_RS03220	98.686	1446	0.0
group_731	gene-BB_RS03230	99.926	1344	0.0
nhaC	gene-BB_RS03235	100.000	1389	0.0
potD	gene-BB_RS03240	98.281	1047	0.0
potC	gene-BB_RS03245	98.611	792	0.0
potB	gene-BB_RS03250	99.751	804	0.0
potA	gene-BB_RS03255	99.713	1044	0.0
ylqF	gene-BB_RS03260	99.524	840	0.0
nanE	gene-BB_RS03265	99.714	699	0.0
ptsG	gene-BB_RS03270	99.547	1545	0.0
yvaK	gene-BB_RS03275	99.898	984	0.0
bosR	gene-BB_RS03280	99.247	531	0.0
group_60	gene-BB_RS03285	99.704	1689	0.0
groL	gene-BB_RS03290	99.756	1638	0.0
group_638	gene-BB_RS03295	100.000	297	8.46e-154
yajC	gene-BB_RS03300	99.663	297	3.60e-152
secD	gene-BB_RS03305	99.716	1761	0.0
secF	gene-BB_RS03310	99.667	900	0.0
group_756	gene-BB_RS03315	99.650	1143	0.0
group_218	gene-BB_RS03320	99.158	831	0.0
psgB	gene-BB_RS03325	99.559	1134	0.0
rpiA	gene-BB_RS03330	99.272	687	0.0
gpmA	gene-BB_RS03335	99.598	747	0.0
lysS	gene-BB_RS03340	98.531	1566	0.0
era	gene-BB_RS03345	98.969	873	0.0
group_626	gene-BB_RS03350	99.440	357	0.0
group_594	gene-BB_RS03360	99.333	450	0.0
group_355	gene-BB_RS03365	99.402	669	0.0
flaA	gene-BB_RS03385	99.903	1026	0.0
cheR	gene-BB_RS03395	99.857	1401	0.0
cheX	gene-BB_RS03400	99.794	486	0.0
group_595	gene-BB_RS03405	100.000	441	0.0
group_585	gene-BB_RS03410	99.612	516	0.0
group_132	gene-BB_RS03415	99.236	1047	0.0
group_197	gene-BB_RS03420	99.421	864	0.0
gph	gene-BB_RS03425	98.944	663	0.0
nupO	gene-BB_RS03430	99.938	1611	0.0
nupP	gene-BB_RS03435	99.913	1152	0.0
group_720	gene-BB_RS03440	100.000	927	0.0
group_23	gene-BB_RS03445	99.735	2262	0.0
group_38	gene-BB_RS03450	99.579	1902	0.0
mnmA	gene-BB_RS03455	99.625	1068	0.0
pksG	gene-BB_RS03460	99.020	1224	0.0
mvaD	gene-BB_RS03475	99.361	939	0.0
eRG8	gene-BB_RS03480	99.686	954	0.0
mvk	gene-BB_RS03485	99.776	894	0.0
napA	gene-BB_RS03500	99.441	537	0.0
fusA	gene-BB_RS03505	98.905	2010	0.0
ffh	gene-BB_RS03515	99.251	1335	0.0
rpsP	gene-BB_RS03520	100.000	261	2.58e-134
khpA	gene-BB_RS03525	99.598	249	3.41e-126
rimM	gene-BB_RS03530	99.401	501	0.0
trmD	gene-BB_RS03535	99.444	720	0.0
coaD	gene-BB_RS03550	100.000	492	0.0
rpmF	gene-BB_RS03555	100.000	183	3.85e-92
acpP	gene-BB_RS03560	100.000	243	1.41e-124
rnc	gene-BB_RS03565	99.593	738	0.0
pcnB	gene-BB_RS03570	99.513	1233	0.0
group_52	gene-BB_RS03575	99.662	1773	0.0
group_634	gene-BB_RS03580	100.000	324	2.04e-168
mltG	gene-BB_RS03595	99.031	1032	0.0
dnaG	gene-BB_RS03600	99.495	1782	0.0
rpoD	gene-BB_RS03605	99.578	1896	0.0
group_289	gene-BB_RS03610	99.868	759	0.0
group_153	gene-BB_RS03620	99.174	969	0.0
mreB	gene-BB_RS03625	99.333	1050	0.0
mreC	gene-BB_RS03630	99.409	846	0.0
mreD	gene-BB_RS03635	99.379	483	0.0
mrdA	gene-BB_RS03640	99.444	1800	0.0
thrS	gene-BB_RS03650	99.084	1746	0.0
pgsA	gene-BB_RS03655	99.206	630	0.0
group_74	gene-BB_RS03660	99.723	1446	0.0
cyaB	gene-BB_RS03665	98.689	534	0.0
trkG	gene-BB_RS03670	99.622	1323	0.0
trkA	gene-BB_RS03675	100.000	783	0.0
flhG	gene-BB_RS03680	100.000	972	0.0
pfkA	gene-BB_RS03685	99.851	1344	0.0
group_76	gene-BB_RS03695	99.784	1392	0.0
pgi	gene-BB_RS03700	99.937	1593	0.0
spo0J	gene-BB_RS03705	99.751	402	0.0
mrcA	gene-BB_RS03710	97.815	2838	0.0
plzA	gene-BB_RS03715	99.873	786	0.0
rlpA	gene-BB_RS03725	99.366	789	0.0
dusA	gene-BB_RS03730	99.596	990	0.0
valS	gene-BB_RS03735	99.353	2628	0.0
mnmC	gene-BB_RS03745	99.263	678	0.0
groES	gene-BB_RS03750	100.000	273	8.29e-141
uup	gene-BB_RS03755	99.755	1632	0.0
nth	gene-BB_RS03780	99.843	636	0.0
yejE	gene-BB_RS03785	100.000	861	0.0
dppB	gene-BB_RS03790	99.796	981	0.0
group_593	gene-BB_RS03795	99.346	459	0.0
gldG	gene-BB_RS03810	99.669	1509	0.0
nosY	gene-BB_RS03815	99.320	735	0.0
ccmA	gene-BB_RS03820	99.892	930	0.0
rnz	gene-BB_RS03825	99.792	960	0.0
dadA	gene-BB_RS03830	99.438	1068	0.0
clpP2	gene-BB_RS03835	99.832	597	0.0
group_273	gene-BB_RS03840	99.545	660	0.0
group_201	gene-BB_RS03850	99.650	858	0.0
mazG	gene-BB_RS03855	99.091	330	2.54e-167
group_187	gene-BB_RS03860	99.437	888	0.0
ntrC	gene-BB_RS03865	99.410	1356	0.0
ntrY	gene-BB_RS03870	99.565	1149	0.0
group_133	gene-BB_RS03875	99.904	1047	0.0
cvpA	gene-BB_RS03880	99.387	489	0.0
murG	gene-BB_RS03885	99.908	1092	0.0
pdxK	gene-BB_RS03890	100.000	795	0.0
tsaD	gene-BB_RS03895	99.520	1041	0.0
rpoS	gene-BB_RS03905	99.875	801	0.0
flgJ1	gene-BB_RS03910	96.835	316	1.80e-150
flgI	gene-BB_RS03915	99.405	1008	0.0
group_597	gene-BB_RS03920	100.000	435	0.0
flgG	gene-BB_RS03925	99.875	798	0.0
flgF	gene-BB_RS03930	99.764	849	0.0
group_555	gene-BB_RS03935	99.465	561	0.0
apt	gene-BB_RS03940	100.000	531	0.0
rplU	gene-BB_RS03945	100.000	312	6.42e-162
ysxB	gene-BB_RS03950	99.377	321	4.46e-164
rpmA	gene-BB_RS03955	100.000	246	3.36e-126
obgE	gene-BB_RS03960	99.595	987	0.0
nadD	gene-BB_RS03965	99.485	582	0.0
group_98	gene-BB_RS03970	99.325	1185	0.0
rsfS	gene-BB_RS03975	97.721	351	3.53e-172
spoVG	gene-BB_RS03980	100.000	294	3.56e-152
group_566	gene-BB_RS03990	99.271	549	0.0
pth	gene-BB_RS03995	99.471	567	0.0
tilS	gene-BB_RS04000	99.698	1323	0.0
ftsH	gene-BB_RS04005	99.427	1920	0.0
group_72	gene-BB_RS04010	99.595	1482	0.0
tdk	gene-BB_RS04015	99.366	1104	0.0
group_417	gene-BB_RS04020	99.519	624	0.0
group_719	gene-BB_RS04030	99.523	4398	0.0
bamA	gene-BB_RS04035	99.635	2466	0.0
hlpA	gene-BB_RS04040	99.438	534	0.0
mutS	gene-BB_RS04045	99.614	2589	0.0
comFC	gene-BB_RS04050	99.838	618	0.0
rimP	gene-BB_RS04055	99.772	438	0.0
nusA	gene-BB_RS04060	99.448	1449	0.0
rbfA	gene-BB_RS04070	99.725	363	0.0
rpsO	gene-BB_RS04080	99.625	267	6.22e-136
pnp	gene-BB_RS04085	99.355	2169	0.0
group_67	gene-BB_RS04090	99.671	1521	0.0
lptF	gene-BB_RS04095	99.767	1290	0.0
group_128	gene-BB_RS04100	99.345	1068	0.0
murJ	gene-BB_RS04110	99.474	1521	0.0
hEAT	gene-BB_RS04115	99.574	1410	0.0
coaBC	gene-BB_RS04120	99.659	1173	0.0
panF	gene-BB_RS04130	99.625	1335	0.0
group_159	gene-BB_RS04135	99.051	948	0.0
group_160	gene-BB_RS04140	99.684	948	0.0
murC	gene-BB_RS04145	99.858	1407	0.0
yicC	gene-BB_RS04150	99.769	867	0.0
cmk2	gene-BB_RS04155	99.448	543	0.0
rpoZ	gene-BB_RS04160	99.502	201	3.07e-100
miaA	gene-BB_RS04165	99.457	921	0.0
group_623	gene-BB_RS04170	98.925	372	0.0
group_568	gene-BB_RS04175	99.634	546	0.0
nAGPA	gene-BB_RS04180	99.872	783	0.0
hrpA	gene-BB_RS04190	99.919	2472	0.0
topA	gene-BB_RS04195	99.882	2547	0.0
sbcD	gene-BB_RS04200	98.712	1242	0.0
group_717	gene-BB_RS04210	99.893	936	0.0
ileS	gene-BB_RS04220	99.776	3129	0.0
clpA	gene-BB_RS04225	99.730	2220	0.0
group_58	gene-BB_RS04230	99.358	1713	0.0
uvrB	gene-BB_RS04235	99.601	2007	0.0
uvrA	gene-BB_RS04240	99.579	2853	0.0
group_476	gene-BB_RS04255	99.667	600	0.0
group_185	gene-BB_RS04260	99.505	1617	0.0
argF	gene-BB_RS04270	99.797	984	0.0
yfcC	gene-BB_RS04275	99.298	1425	0.0
acyP	gene-BB_RS05480	98.925	279	1.03e-139
resT	gene-BB_RS05490	99.852	1350	0.0
celB	gene-BB_RS05495	98.639	1323	0.0
celC	gene-BB_RS05500	100.000	348	0.0
group_787	gene-BB_RS05510	98.543	1098	0.0
group_790	gene-BB_RS05515	93.968	630	0.0
group_791	gene-BB_RS05520	99.518	1038	0.0
group_796	gene-BB_RS05540	98.543	549	0.0
group_786	gene-BB_RS05545	99.398	498	0.0
group_789	gene-BB_RS05550	99.121	1593	0.0
nCS2	gene-BB_RS05575	98.746	1356	0.0
group_798	gene-BB_RS05580	100.000	507	0.0
group_793	gene-BB_RS05585	99.588	486	0.0
immA	gene-BB_RS05590	99.425	696	0.0
group_797	gene-BB_RS05605	99.816	1629	0.0
group_645	gene-BB_RS06750	97.588	456	0.0
group_314	gene-BB_RS06205	97.452	1099	0.0
group_451	gene-BB_RS06210	96.649	567	0.0
group_13	gene-BB_RS06215	99.190	741	0.0
group_571	gene-BB_RS06220	99.816	543	0.0
bppC1~~~bppC~~~erpH	gene-BB_RS06450	97.484	795	0.0
group_747	gene-BB_RS07630	99.448	543	0.0
group_444	gene-BB_RS06055	99.348	1227	0.0
bdrW~~~repU	gene-BB_RS07570	87.374	697	0.0
group_277	gene-BB_RS06205	97.452	1099	0.0
group_452	gene-BB_RS06635	99.647	567	0.0
group_95	gene-BB_RS06640	70.556	737	2.12e-90
group_767	gene-BB_RS06005	79.864	442	7.56e-107
parA	gene-BB_RS07055	99.460	741	0.0
group_556	gene-BB_RS07060	100.000	561	0.0
bdrO	gene-BB_RS07065	100.000	579	0.0
group_540	gene-BB_RS06890	99.824	567	0.0
group_523	gene-BB_RS06185	100.000	318	3.62e-165
group_96	gene-BB_RS06425	99.471	756	0.0
group_769	gene-BB_RS06430	98.168	546	0.0
erpM~~~erpC	gene-BB_RS06880	98.411	1070	0.0
group_507	gene-BB_RS06270	99.244	661	0.0
group_470	gene-BB_RS07210	97.633	845	0.0
group_267	gene-BB_RS05990	96.909	1100	0.0
group_103	gene-BB_RS06000	71.739	736	3.67e-100
group_12	gene-BB_RS06220	77.495	471	4.74e-103
group_221	gene-BB_RS06435	87.768	327	8.98e-119
group_283	gene-BB_RS06670	78.291	714	6.09e-167
group_640	gene-BB_RS07360	75.099	253	1.32e-43
group_457	gene-BB_RS06640	100.000	750	0.0
group_459	gene-BB_RS06645	100.000	579	0.0
group_460	gene-BB_RS06650	99.851	669	0.0
bppB	gene-BB_RS07075	99.531	426	0.0
erpP	gene-BB_RS07300	94.415	573	0.0
erpQ	gene-BB_RS07305	98.434	1022	0.0
yjhX	gene-BB_RS07635	96.104	77	2.43e-29
group_445	gene-BB_RS07655	99.471	567	0.0
group_521	gene-BB_RS06760	97.907	1338	0.0
bcsQ~~~parA	gene-BB_RS06845	99.867	750	0.0
group_583	gene-BB_RS06850	100.000	522	0.0
group_546	gene-BB_RS06855	100.000	573	0.0
group_435	gene-BB_RS07310	72.763	503	6.34e-77
group_516	gene-BB_RS05470	100.000	798	0.0
group_151	gene-BB_RS05475	99.452	1278	0.0
group_358	gene-BB_RS05640	98.975	683	0.0
group_632	gene-BB_RS05655	98.471	327	5.54e-163
group_377	gene-BB_RS05670	99.246	663	0.0
group_461	gene-BB_RS05680	98.920	741	0.0
group_290	gene-BB_RS04450	99.868	759	0.0
pncA	gene-BB_RS04465	100.000	537	0.0
group_423	gene-BB_RS04485	99.044	732	0.0
group_416	gene-BB_RS04350	99.543	1095	0.0
group_88	gene-BB_RS04615	72.222	180	1.68e-21
insQ	gene-BB_RS04410	99.265	408	0.0
group_705	gene-BB_RS04980	85.965	171	2.11e-51
group_544	gene-BB_RS04420	82.446	3811	0.0
group_241	gene-BB_RS03715	78.571	784	0.0
group_97	gene-BB_RS05740	99.490	588	0.0
group_300	gene-BB_RS05745	100.000	750	0.0
group_561	gene-BB_RS05750	99.821	558	0.0
group_245	gene-BB_RS04360	73.276	812	1.32e-131
group_755	gene-BB_RS04665	83.660	765	0.0
group_574	gene-BB_RS04650	67.848	395	5.21e-33
group_613	gene-BB_RS04645	86.857	350	5.19e-120
group_603	gene-BB_RS04635	73.709	213	1.14e-33
group_403	gene-BB_RS04630	84.770	696	0.0
group_624	gene-BB_RS04625	83.696	368	8.29e-111
group_652	gene-BB_RS04610	85.260	787	0.0
group_537	gene-BB_RS04575	98.801	834	0.0
group_536	gene-BB_RS04570	100.000	339	1.54e-176
group_465	gene-BB_RS04555	99.248	798	0.0
rdgC	gene-BB_RS04550	99.068	429	0.0
group_181	gene-BB_RS04360	86.016	901	0.0
group_553	gene-BB_RS04365	80.605	562	3.67e-149
group_292	gene-BB_RS04370	78.400	750	1.97e-179
group_525	gene-BB_RS06250	74.648	426	4.41e-72
ade	gene-BB_RS04875	99.939	1647	0.0
group_176	gene-BB_RS04880	99.843	636	0.0
group_706	gene-BB_RS04885	99.733	750	0.0
group_707	gene-BB_RS04890	99.815	540	0.0
group_708	gene-BB_RS04895	99.569	927	0.0
group_709	gene-BB_RS04900	99.837	612	0.0
group_676	gene-BB_RS04905	99.510	204	7.35e-102
group_467	gene-BB_RS05765	100.000	294	3.56e-152
group_203	gene-BB_RS04670	96.482	199	2.18e-89
group_121	gene-BB_RS04670	98.947	285	5.85e-143
ospD	gene-BB_RS04695	99.354	774	0.0
group_158	gene-BB_RS04710	97.279	588	0.0
group_313	gene-BB_RS04715	96.612	738	0.0
group_356	gene-BB_RS04720	95.262	591	0.0
group_260	gene-BB_RS04735	99.745	783	0.0
group_135	gene-BB_RS04740	99.904	1041	0.0
lolD	gene-BB_RS04745	100.000	696	0.0
lolC	gene-BB_RS04750	99.837	1230	0.0
group_321	gene-BB_RS04755	99.724	724	0.0
group_136	gene-BB_RS04760	99.800	1002	0.0
group_118	gene-BB_RS04775	98.772	1059	0.0
group_515	gene-BB_RS04785	98.385	867	0.0
group_134	gene-BB_RS04760	99.131	921	0.0
group_468	gene-BB_RS04805	99.690	645	0.0
group_469	gene-BB_RS04810	99.187	615	0.0
thyX	gene-BB_RS05430	99.123	798	0.0
osm28	gene-BB_RS05425	99.612	774	0.0
group_811	gene-BB_RS05395	99.471	756	0.0
group_825	gene-BB_RS05390	99.353	1236	0.0
group_827	gene-BB_RS05385	100.000	849	0.0
group_826	gene-BB_RS05380	99.890	909	0.0
group_824	gene-BB_RS05375	100.000	207	4.13e-105
group_860	gene-BB_RS05370	99.840	624	0.0
group_854	gene-BB_RS05365	99.880	834	0.0
group_812	gene-BB_RS05355	99.759	1245	0.0
group_806	gene-BB_RS05350	99.825	570	0.0
group_805	gene-BB_RS05345	99.892	930	0.0
group_835	gene-BB_RS05335	99.638	276	8.39e-141
group_833	gene-BB_RS05330	99.173	846	0.0
group_859	gene-BB_RS05325	98.936	564	0.0
group_856	gene-BB_RS05315	100.000	219	1.35e-111
group_814	gene-BB_RS05310	100.000	489	0.0
group_858	gene-BB_RS05305	100.000	423	0.0
group_849	gene-BB_RS05300	99.627	1071	0.0
group_831	gene-BB_RS05295	99.815	540	0.0
group_857	gene-BB_RS05290	99.686	318	1.54e-163
group_848	gene-BB_RS05285	99.733	375	0.0
group_823	gene-BB_RS05280	100.000	453	0.0
group_853	gene-BB_RS05275	99.891	918	0.0
group_836	gene-BB_RS05270	99.343	609	0.0
group_821	gene-BB_RS05265	99.490	588	0.0
group_816	gene-BB_RS05260	99.919	1242	0.0
group_802	gene-BB_RS05235	99.630	1353	0.0
group_809	gene-BB_RS05230	99.495	594	0.0
group_819	gene-BB_RS05210	98.843	432	0.0
group_815	gene-BB_RS05205	100.000	546	0.0
group_818	gene-BB_RS05200	99.734	753	0.0
group_830	gene-BB_RS05195	99.658	585	0.0
group_837	gene-BB_RS05190	99.916	1197	0.0
group_804	gene-BB_RS05175	100.000	366	0.0
group_838	gene-BB_RS05170	99.296	426	0.0
group_820	gene-BB_RS05160	99.807	1035	0.0
group_850	gene-BB_RS05155	99.841	627	0.0
group_803	gene-BB_RS05150	99.313	873	0.0
group_817	gene-BB_RS05145	100.000	336	6.50e-175
group_810	gene-BB_RS05135	99.920	1254	0.0
group_807	gene-BB_RS05130	100.000	849	0.0
group_846	gene-BB_RS05125	99.608	510	0.0
group_331	gene-BB_RS04650	92.075	429	3.83e-179
group_327	gene-BB_RS04640	94.365	1473	0.0
group_342	gene-BB_RS04630	98.124	693	0.0
group_312	gene-BB_RS04620	96.641	387	0.0
group_254	gene-BB_RS04615	98.030	2640	0.0
group_589	gene-BB_RS04580	96.667	510	0.0
group_533	gene-BB_RS04540	89.865	2072	0.0
group_575	gene-BB_RS07445	93.110	537	0.0
group_284	gene-BB_RS07440	95.407	762	0.0
group_431	gene-BB_RS07435	91.736	605	0.0
group_629	gene-BB_RS04505	94.915	354	3.81e-159
group_36	gene-BB_RS04500	96.756	894	0.0
group_726	gene-BB_RS00015	98.365	1468	0.0
lepA	gene-BB_RS00430	99.611	1800	0.0
nusB	gene-BB_RS00525	99.767	429	0.0
group_741	gene-BB_RS00760	99.080	435	0.0
rpmI	gene-BB_RS00920	99.502	201	3.07e-100
group_16	gene-BB_RS01610	99.323	2805	0.0
pyk	gene-BB_RS01715	94.630	1434	0.0
p22	gene-BB_RS01795	98.462	585	0.0
group_739	gene-BB_RS01815	98.778	2292	0.0
gltP	gene-BB_RS01985	99.252	1203	0.0
group_41	gene-BB_RS02020	99.149	1881	0.0
rsmI	gene-BB_RS02140	99.569	696	0.0
yqxC	gene-BB_RS02555	99.621	792	0.0
group_166	gene-BB_RS02755	97.243	399	0.0
group_728	gene-BB_RS02895	97.524	525	0.0
group_29	gene-BB_RS03765	99.857	2103	0.0
yibQ	gene-BB_RS03900	98.639	882	0.0
group_714	gene-BB_RS04250	99.818	549	0.0
arcA	gene-BB_RS04265	99.350	1230	0.0
group_671	gene-BB_RS06885	98.864	528	0.0
group_375	gene-BB_RS06125	72.029	1094	1.25e-159
group_378	gene-BB_RS07220	73.946	783	5.73e-136
group_364	gene-BB_RS07555	84.483	348	4.00e-108
group_114	gene-BB_RS06835	81.165	1099	0.0
group_276	gene-BB_RS07055	86.370	741	0.0
group_336	gene-BB_RS07060	85.740	561	0.0
group_400	gene-BB_RS07065	75.955	628	9.57e-132
yqaJ~~~bppA	gene-BB_RS06655	87.537	1340	0.0
group_274	gene-BB_RS06670	70.636	613	1.55e-79
group_393	gene-BB_RS06475	86.420	567	0.0
group_306	gene-BB_RS06435	88.991	327	3.14e-124
group_694	gene-BB_RS07315	98.611	72	2.22e-30
group_354	gene-BB_RS06675	74.155	503	7.63e-83
bdrH	gene-BB_RS06400	99.401	501	0.0
group_332	gene-BB_RS07260	98.728	1101	0.0
group_743	gene-BB_RS07265	99.295	567	0.0
group_293	gene-BB_RS07270	99.074	756	0.0
group_247	gene-BB_RS07275	100.000	561	0.0
group_427	gene-BB_RS05435	96.587	1084	0.0
group_162	gene-BB_RS05445	96.791	561	0.0
group_124	gene-BB_RS04975	99.099	999	0.0
group_56	gene-BB_RS04955	98.405	627	0.0
group_106	gene-BB_RS04950	98.601	858	0.0
group_757	gene-BB_RS07355	82.278	79	8.82e-16
group_93	gene-BB_RS04500	99.664	894	0.0
group_4	gene-BB_RS04520	98.347	1089	0.0
group_547	gene-BB_RS04525	99.127	573	0.0
group_275	gene-BB_RS04530	98.307	768	0.0
group_765	gene-BB_RS04535	98.370	552	0.0
group_147	gene-BB_RS04540	98.665	3297	0.0
group_663	gene-BB_RS04425	97.059	136	5.41e-60
group_401	gene-BB_RS04420	93.448	3831	0.0
group_627	gene-BB_RS05620	91.045	335	4.38e-133
mtnN	gene-BB_RS05010	99.877	816	0.0
group_669	gene-BB_RS05025	100.000	219	1.35e-111
group_564	gene-BB_RS05045	99.820	555	0.0
group_296	gene-BB_RS05050	99.469	753	0.0
group_548	gene-BB_RS05055	100.000	573	0.0
group_99	gene-BB_RS05060	99.746	1179	0.0
group_781	gene-BB_RS05065	99.617	783	0.0
group_373	gene-BB_RS05070	99.850	666	0.0
group_782	gene-BB_RS05075	99.596	495	0.0
group_508	gene-BB_RS05085	99.522	837	0.0
group_684	gene-BB_RS04865	90.625	160	4.82e-59
group_90	gene-BB_RS04840	99.190	988	0.0
group_501	gene-BB_RS04835	99.329	894	0.0
group_190	gene-BB_RS04860	98.569	699	0.0
sIMPL	gene-BB_RS04865	98.851	696	0.0
group_14	gene-BB_RS04910	98.095	105	2.31e-47
group_746	gene-BB_RS04910	98.010	201	1.94e-96
group_551	gene-BB_RS04940	98.529	544	0.0
group_698	gene-BB_RS05720	99.187	123	4.11e-58
group_249	gene-BB_RS05835	69.601	727	4.53e-80
group_216	gene-BB_RS05835	72.562	441	1.04e-64
group_122	gene-BB_RS04670	97.720	307	8.35e-148
group_196	gene-BB_RS04770	97.946	1071	0.0
group_42	gene-BB_RS04795	97.372	723	0.0
group_474	gene-BB_RS04800	99.327	297	4.38e-151
group_808	gene-BB_RS05245	99.748	1590	0.0
group_840	gene-BB_RS05250	98.910	642	0.0
group_843	gene-BB_RS05255	98.350	606	0.0
group_477	gene-BB_RS07340	99.873	789	0.0
group_644	gene-BB_RS05460	98.596	285	7.13e-142
group_110	gene-BB_RS05435	92.987	1098	0.0
group_478	gene-BB_RS07345	100.000	588	0.0
group_657	gene-BB_RS07355	100.000	294	3.56e-152
group_512	gene-BB_RS07370	100.000	993	0.0
group_482	gene-BB_RS07375	100.000	432	0.0
group_338	gene-BB_RS04360	97.996	499	0.0
group_113	gene-BB_RS05080	99.747	792	0.0
group_163	gene-BB_RS07665	93.041	388	9.76e-166
queA	gene-BB_RS00105	98.742	1033	0.0
yliI	gene-BB_RS00120	99.912	1140	0.0
plsC	gene-BB_RS00185	99.602	753	0.0
group_727	gene-BB_RS00465	99.817	546	0.0
group_228	gene-BB_RS00705	96.825	189	3.07e-87
group_742	gene-BB_RS00775	99.852	675	0.0
group_227	gene-BB_RS01620	94.466	1572	0.0
group_729	gene-BB_RS01625	97.858	1587	0.0
gatA	gene-BB_RS01685	99.516	1446	0.0
group_301	gene-BB_RS01695	99.809	2097	0.0
group_27	gene-BB_RS01860	99.397	663	0.0
dnaA	gene-BB_RS02185	99.727	1464	0.0
group_446	gene-BB_RS06085	100.000	456	0.0
group_127	gene-BB_RS07305	73.928	583	8.11e-104
erpY~~~erpL	gene-BB_RS06875	89.177	693	0.0
group_390	gene-BB_RS06630	95.268	1099	0.0
group_453	gene-BB_RS06810	99.702	336	2.76e-173
group_436	gene-BB_RS06430	71.545	369	1.74e-46
group_380	gene-BB_RS05780	69.829	759	3.85e-87
group_374	gene-BB_RS07780	92.344	209	9.46e-81
group_531	gene-BB_RS07805	97.619	210	2.51e-99
group_535	gene-BB_RS04565	83.969	393	5.19e-120
group_538	gene-BB_RS04580	77.866	506	4.95e-109
group_687	gene-BB_RS04590	83.496	1024	0.0
group_688	gene-BB_RS04595	87.930	1193	0.0
group_385	gene-BB_RS04610	79.363	785	0.0
group_386	gene-BB_RS04615	89.812	2601	0.0
group_387	gene-BB_RS04620	83.463	387	1.12e-115
group_618	gene-BB_RS04625	74.128	344	1.67e-56
group_311	gene-BB_RS04640	75.505	743	2.98e-142
group_784	gene-BB_RS04645	68.243	296	8.61e-23
group_397	gene-BB_RS04650	70.574	401	3.22e-49
group_602	gene-BB_RS04345	72.672	655	7.11e-108
group_279	gene-BB_RS04665	84.444	765	0.0
group_195	gene-BB_RS04500	69.775	890	2.98e-108
group_105	gene-BB_RS04515	88.272	1134	0.0
group_557	gene-BB_RS05775	85.091	550	1.45e-179
group_280	gene-BB_RS05780	85.321	763	0.0
group_558	gene-BB_RS05785	84.574	564	2.62e-176
group_112	gene-BB_RS05790	80.581	1102	0.0
group_690	gene-BB_RS04600	91.150	339	8.01e-136
group_255	gene-BB_RS04605	80.541	591	1.30e-156
group_763	gene-BB_RS04615	86.811	1198	0.0
group_440	gene-BB_RS04965	99.885	867	0.0
group_104	gene-BB_RS04960	98.784	987	0.0
group_670	gene-BB_RS04945	100.000	219	1.35e-111
group_569	gene-BB_RS04940	100.000	546	0.0
group_174	gene-BB_RS04935	87.118	621	0.0
group_50	gene-BB_RS04930	99.206	378	0.0
group_685	gene-BB_RS04925	100.000	177	6.69e-89
group_46	gene-BB_RS04920	99.823	564	0.0
group_307	gene-BB_RS04845	99.867	753	0.0
mlpF~~~mlpC	gene-BB_RS06620	99.778	450	0.0
group_505	gene-BB_RS07490	83.735	1119	0.0
group_264	gene-BB_RS06500	81.565	754	0.0
group_405	gene-BB_RS06490	84.052	696	0.0
xtmB	gene-BB_RS06895	87.657	1353	0.0
group_242	gene-BB_RS06670	69.509	774	1.51e-92
group_182	gene-BB_RS07280	79.287	449	1.06e-112
group_429	gene-BB_RS07600	90.374	561	0.0
group_428	gene-BB_RS07595	90.344	756	0.0
group_565	gene-BB_RS05045	79.065	535	1.04e-130
group_117	gene-BB_RS04520	79.242	1055	0.0
group_450	gene-BB_RS06610	85.032	314	6.96e-99
group_696	gene-BB_RS04335	90.299	134	9.18e-48
group_402	gene-BB_RS07920	90.244	123	6.16e-43
group_286	gene-BB_RS04365	95.614	570	0.0
group_340	gene-BB_RS04370	96.958	756	0.0
group_379	gene-BB_RS04380	95.200	750	0.0
group_140	gene-BB_RS04665	83.399	765	0.0
group_794	gene-BB_RS05595	99.275	552	0.0
group_801	gene-BB_RS05570	92.257	1356	0.0
group_232	gene-BB_RS05665	99.663	297	3.60e-152
group_333	gene-BB_RS07115	100.000	693	0.0
group_584	gene-BB_RS07310	99.807	519	0.0
mlpI	gene-BB_RS07250	100.000	429	0.0
bdrA	gene-BB_RS06010	90.393	687	0.0
group_191	gene-BB_RS06005	100.000	558	0.0
group_100	gene-BB_RS06000	99.460	741	0.0
group_748	gene-BB_RS00005	98.429	573	0.0
trpS	gene-BB_RS00025	99.714	1050	0.0
pspE	gene-BB_RS00080	98.656	372	0.0
pilF	gene-BB_RS00660	99.911	1128	0.0
hisS	gene-BB_RS00665	99.781	1371	0.0
group_28	gene-BB_RS00770	99.163	717	0.0
group_250	gene-BB_RS01675	97.407	810	0.0
gatB	gene-BB_RS01680	97.668	1458	0.0
group_758	gene-BB_RS01970	98.450	1032	0.0
rpsH	gene-BB_RS02485	97.995	399	0.0
wcaA	gene-BB_RS02875	99.906	1065	0.0
zwf	gene-BB_RS03225	94.572	1437	0.0
rplS	gene-BB_RS03540	98.082	365	0.0
group_572	gene-BB_RS03545	98.711	543	0.0
tsaC	gene-BB_RS03720	99.310	1014	0.0
group_20	gene-BB_RS03800	98.353	1275	0.0
group_177	gene-BB_RS03805	98.915	1014	0.0
group_173	gene-BB_RS04515	96.528	144	5.07e-64
group_47	gene-BB_RS05070	81.579	114	3.79e-26
group_832	gene-BB_RS07955	99.275	414	0.0
dbpB	gene-BB_RS05220	99.113	564	0.0
group_834	gene-BB_RS05165	98.889	180	8.31e-88
blyB	gene-BB_RS07220	92.903	465	0.0
group_481	gene-BB_RS06575	97.598	333	1.97e-162
group_649	gene-BB_RS06550	93.644	236	4.20e-100
group_324	gene-BB_RS07360	80.303	198	3.05e-46
group_310	gene-BB_RS06670	79.407	573	8.26e-140
group_357	gene-BB_RS07575	84.820	639	0.0
group_304	gene-BB_RS06010	80.835	647	4.49e-174
group_788	gene-BB_RS05600	98.474	1245	0.0
group_785	gene-BB_RS05485	97.987	447	0.0
celA	gene-BB_RS05505	98.742	318	9.72e-160
group_188	gene-BB_RS04435	94.364	621	0.0
group_773	gene-BB_RS04515	97.695	564	0.0
group_259	gene-BB_RS05660	96.047	1113	0.0
group_258	gene-BB_RS05650	99.476	954	0.0
group_226	gene-BB_RS05645	98.960	577	0.0
group_372	gene-BB_RS04865	93.813	695	0.0
uppS	gene-BB_RS00590	91.919	693	0.0
frr	gene-BB_RS00595	93.153	555	0.0
tsf	gene-BB_RS00600	92.024	840	0.0
ycf19	gene-BB_RS02915	95.164	579	0.0
nagC	gene-BB_RS03510	95.782	1209	0.0
pQQ	gene-BB_RS03760	97.291	1698	0.0
group_483	gene-BB_RS04300	100.000	1185	0.0
group_839	gene-BB_RS05320	97.965	1425	0.0
group_677	gene-BB_RS04340	100.000	204	1.73e-103
group_485	gene-BB_RS04415	99.651	573	0.0
blyA	gene-BB_RS07225	99.510	204	9.25e-101
bdrR	gene-BB_RS07245	100.000	555	0.0
bdrQ	gene-BB_RS07280	99.590	244	3.08e-123
group_410	gene-BB_RS04660	99.875	801	0.0
group_359	gene-BB_RS04645	100.000	411	0.0
group_237	gene-BB_RS04635	100.000	387	0.0
group_653	gene-BB_RS04605	99.749	798	0.0
group_49	gene-BB_RS05100	100.000	258	1.22e-132
group_656	gene-BB_RS07690	75.794	252	9.18e-45
group_389	gene-BB_RS04475	100.000	216	5.63e-110
group_15	gene-BB_RS04445	94.595	259	3.79e-113
group_305	gene-BB_RS04440	91.961	510	0.0
group_513	gene-BB_RS04420	99.739	3834	0.0
erpM	gene-BB_RS06880	100.000	1092	0.0
group_261	gene-BB_RS05830	94.096	271	3.80e-116
group_672	gene-BB_RS07885	100.000	213	2.36e-108
group_281	gene-BB_RS05780	99.608	765	0.0
group_665	gene-BB_RS05770	99.561	228	7.78e-115
ospB	gene-BB_RS05185	99.664	894	0.0
group_131	gene-BB_RS06255	80.000	100	6.87e-20
group_522	gene-BB_RS06830	91.529	1027	0.0
group_456	gene-BB_RS06735	99.825	570	0.0
group_487	gene-BB_RS06805	80.328	305	3.83e-76
group_6	gene-BB_RS04335	89.394	3809	0.0
group_115	gene-BB_RS05790	66.175	949	1.73e-55
group_549	gene-BB_RS05785	68.053	457	1.69e-39
group_297	gene-BB_RS07055	69.210	747	7.36e-71
group_607	gene-BB_RS07930	87.640	89	8.12e-25
group_219	gene-BB_RS04380	74.844	640	4.76e-118
group_211	gene-BB_RS05095	86.621	867	0.0
group_490	gene-BB_RS07425	67.903	782	5.68e-79
group_144	gene-BB_RS07345	97.778	135	6.87e-62
group_662	gene-BB_RS04760	91.383	998	0.0
group_1	gene-BB_RS04640	94.203	276	1.36e-119
group_695	gene-BB_RS04640	93.396	106	3.75e-40
group_545	gene-BB_RS07060	71.082	453	2.55e-56
group_222	gene-BB_RS06640	69.220	744	1.11e-81
group_562	gene-BB_RS05810	87.963	216	3.64e-73
group_862	gene-BB_RS05835	64.844	3018	1.65e-157
hDGYP	gene-BB_RS01010	100.000	1578	0.0
mutL	gene-BB_RS01040	99.891	1833	0.0
group_68	gene-BB_RS02295	99.934	1521	0.0
dedD	gene-BB_RS02740	100.000	861	0.0
guaB	gene-BB_RS05555	100.000	1215	0.0
group_502	gene-BB_RS06245	100.000	591	0.0
group_683	gene-BB_RS06255	100.000	183	3.85e-92
group_223	gene-BB_RS06460	100.000	816	0.0
group_529	gene-BB_RS06470	100.000	528	0.0
group_489	gene-BB_RS05985	99.705	1017	0.0
erpC	gene-BB_RS06035	100.000	1137	0.0
group_125	gene-BB_RS07160	100.000	1089	0.0
group_771	gene-BB_RS04850	100.000	210	1.38e-106
group_777	gene-BB_RS04870	100.000	627	0.0
group_491	gene-BB_RS04970	100.000	996	0.0
group_371	gene-BB_RS04725	100.000	996	0.0
group_673	gene-BB_RS04815	100.000	468	0.0
group_678	gene-BB_RS07420	100.000	109	6.14e-52
group_298	gene-BB_RS07425	100.000	753	0.0
group_772	gene-BB_RS07430	100.000	464	0.0
group_285	gene-BB_RS07440	100.000	762	0.0
group_576	gene-BB_RS07445	100.000	537	0.0
group_682	gene-BB_RS06095	100.000	189	2.21e-95
group_303	gene-BB_RS07625	100.000	1038	0.0
group_240	gene-BB_RS07645	100.000	486	0.0
group_620	gene-BB_RS07645	100.000	381	0.0
group_31	gene-BB_RS07660	100.000	747	0.0
group_621	gene-BB_RS07895	100.000	381	0.0
group_588	gene-BB_RS07675	100.000	372	0.0
group_697	gene-BB_RS07960	100.000	132	1.29e-64
group_666	gene-BB_RS07685	100.000	228	1.83e-116
group_9	gene-BB_RS07690	100.000	3261	0.0
group_647	gene-BB_RS07695	100.000	282	1.12e-145
group_650	gene-BB_RS07900	100.000	270	3.48e-139
group_631	gene-BB_RS07705	100.000	348	0.0
group_679	gene-BB_RS07705	100.000	195	1.26e-98
group_733	gene-BB_RS01805	99.642	279	2.00e-142
tmk	gene-BB_RS04025	100.000	609	0.0
group_611	gene-BB_RS05820	100.000	396	0.0
group_152	gene-BB_RS05810	100.000	255	4.55e-131
group_700	gene-BB_RS04540	88.235	68	4.47e-19
group_524	gene-BB_RS05755	100.000	258	1.08e-132
group_591	gene-BB_RS05730	100.000	498	0.0
group_552	gene-BB_RS07485	98.942	567	0.0
group_667	gene-BB_RS07190	100.000	222	3.21e-113
group_366	gene-BB_RS07110	100.000	1227	0.0
group_766	gene-BB_RS07435	100.000	600	0.0
group_577	gene-BB_RS05845	100.000	537	0.0
pASTA	gene-BB_RS00310	98.413	1008	0.0
group_715	gene-BB_RS00685	98.718	312	1.72e-156
rodA	gene-BB_RS03645	99.317	1317	0.0
truB	gene-BB_RS04075	99.176	849	0.0
tgt	gene-BB_RS04105	99.025	1128	0.0
group_716	gene-BB_RS04215	98.909	825	0.0
lptD	gene-BB_RS04245	99.361	3441	0.0
group_792	gene-BB_RS05530	98.073	519	0.0
ospC	gene-BB_RS05565	83.513	649	0.0
group_775	gene-BB_RS04315	99.383	324	1.06e-165
group_411	gene-BB_RS04345	91.425	723	0.0
group_863	gene-BB_RS05835	65.700	1172	4.52e-73
group_345	gene-BB_RS07045	97.354	1096	0.0
group_865	gene-BB_RS07575	98.266	173	3.37e-80
group_864	gene-BB_RS07575	86.441	118	1.21e-30
group_351	gene-BB_RS06835	96.636	1100	0.0
group_517	gene-BB_RS06200	97.458	944	0.0
erpG	gene-BB_RS06245	97.643	297	1.12e-143
group_343	gene-BB_RS04515	97.695	911	0.0
group_77	gene-BB_RS04655	65.698	723	1.45e-38
erpD	gene-BB_RS05695	95.609	1002	0.0
group_855	gene-BB_RS05340	100.000	267	1.52e-137
group_845	gene-BB_RS05400	74.781	686	6.61e-123
group_519	gene-BB_RS04315	89.846	325	1.51e-122
vlsE	gene-BB_RS05835	64.817	3135	2.60e-171
ospA	gene-BB_RS05180	96.229	822	0.0
group_844	gene-BB_RS05140	93.671	474	0.0
group_171	gene-BB_RS01290	98.827	1023	0.0
fliK	gene-BB_RS01415	99.491	1179	0.0
rpsZ	gene-BB_RS02480	100.000	186	1.06e-93
pepD	gene-BB_RS03055	95.807	1431	0.0
group_107	gene-BB_RS04875	95.190	894	0.0
cspZ	gene-BB_RS04320	96.957	723	0.0
group_236	gene-BB_RS05035	100.000	1201	0.0
group_26	gene-BB_RS04500	69.796	884	5.58e-111
group_425	gene-BB_RS04335	91.286	3810	0.0
bdrM	gene-BB_RS06650	78.439	756	0.0
group_330	gene-BB_RS05980	82.716	405	3.59e-116
group_362	gene-BB_RS07575	82.786	639	0.0
group_21	gene-BB_RS06880	72.170	212	4.36e-25
mlpL	gene-BB_RS05980	72.263	137	5.16e-13
mlp8~~~mlpA	gene-BB_RS07035	86.914	405	7.29e-138
group_161	gene-BB_RS07580	99.141	931	0.0
eppA	gene-BB_RS06250	97.059	510	0.0
group_381	gene-BB_RS06485	99.543	657	0.0
elpB2	gene-BB_RS06880	71.348	1239	0.0
group_184	gene-BB_RS04915	97.344	1092	0.0
group_710	gene-BB_RS04770	83.704	1080	0.0
orfB	gene-BB_RS04515	89.855	207	3.31e-76
group_498	gene-BB_RS04710	92.347	588	0.0
group_315	gene-BB_RS04715	89.918	734	0.0
group_235	gene-BB_RS04730	89.630	810	0.0
group_265	gene-BB_RS04735	88.190	779	0.0
group_138	gene-BB_RS04740	89.817	1041	0.0
group_337	gene-BB_RS04745	92.529	696	0.0
group_91	gene-BB_RS04750	92.683	1230	0.0
group_323	gene-BB_RS04755	92.680	724	0.0
group_659	gene-BB_RS04410	95.055	182	1.57e-79
group_711	gene-BB_RS04515	88.312	154	5.67e-51
group_641	gene-BB_RS07375	85.795	176	6.39e-54
group_37	gene-BB_RS07555	79.819	332	1.17e-80
group_586	gene-BB_RS05060	92.218	514	0.0
group_299	gene-BB_RS05060	93.217	516	0.0
group_5	gene-BB_RS04420	96.967	3824	0.0
group_842	gene-BB_RS05240	98.889	540	0.0
group_559	gene-BB_RS05445	100.000	561	0.0
group_263	gene-BB_RS05835	100.000	5193	0.0
group_437	gene-BB_RS07845	100.000	243	1.41e-124
group_391	gene-BB_RS05110	99.820	555	0.0
group_668	gene-BB_RS06675	100.000	669	0.0
fni	gene-BB_RS03465	95.775	1065	0.0
group_198	gene-BB_RS04840	79.655	870	0.0
yqaJ	gene-BB_RS06860	98.567	1326	0.0
group_455	gene-BB_RS06790	92.928	608	0.0
group_520	gene-BB_RS06830	98.427	1017	0.0
group_664	gene-BB_RS07095	99.067	536	0.0
group_454	gene-BB_RS07320	97.640	1356	0.0
group_542	gene-BB_RS04420	89.234	3827	0.0
group_759	gene-BB_RS07375	82.320	181	1.96e-46
group_718	gene-BB_RS03740	98.299	588	0.0
group_732	gene-BB_RS04280	99.280	972	0.0
bdrP	gene-BB_RS06190	82.209	697	0.0
mlpJ	gene-BB_RS07575	81.790	637	1.26e-174
group_499	gene-BB_RS07050	99.295	567	0.0
group_530	gene-BB_RS06225	94.712	624	0.0
group_322	gene-BB_RS06035	72.428	243	8.66e-34
group_123	gene-BB_RS04655	67.051	434	4.71e-28
group_762	gene-BB_RS05020	98.982	393	0.0
group_253	gene-BB_RS04640	71.124	1406	0.0
group_251	gene-BB_RS04655	95.652	828	0.0
group_500	gene-BB_RS07330	91.129	372	8.28e-149
group_3	gene-BB_RS06500	79.510	776	0.0
group_642	gene-BB_RS05620	94.424	269	5.58e-118
group_40	gene-BB_RS05835	72.127	409	5.01e-59
murE	gene-BB_RS00975	97.053	1527	0.0
group_82	gene-BB_RS03690	99.099	1332	0.0
group_458	gene-BB_RS07115	97.406	694	0.0
group_655	gene-BB_RS06295	98.125	960	0.0
group_282	gene-BB_RS05780	76.671	763	9.07e-165
group_560	gene-BB_RS06430	78.178	472	2.16e-101
group_532	gene-BB_RS07585	97.275	1101	0.0
group_349	gene-BB_RS05440	97.670	558	0.0
group_394	gene-BB_RS05455	75.686	547	2.08e-101
group_120	gene-BB_RS05475	98.576	1334	0.0
group_308	gene-BB_RS05835	72.388	402	1.52e-60
group_344	gene-BB_RS05835	70.551	798	3.99e-100
group_424	gene-BB_RS05835	66.788	822	1.05e-73
group_202	gene-BB_RS04690	99.674	921	0.0
group_157	gene-BB_RS04705	98.846	260	2.25e-129
cdsE	gene-BB_RS07395	99.640	1110	0.0
erpA~~~erpH~~~ospE~~~erpC	gene-BB_RS06030	81.221	426	8.26e-114
erpK	gene-BB_RS06670	99.201	751	0.0
group_278	gene-BB_RS07585	97.354	1096	0.0
group_212	gene-BB_RS06880	67.890	1199	9.57e-110
group_167	gene-BB_RS05455	96.952	525	0.0
group_130	gene-BB_RS05465	93.333	540	0.0
group_57	gene-BB_RS04875	95.238	294	3.56e-133
cdsA~~~cdsC	gene-BB_RS07730	99.367	474	0.0
group_866	gene-BB_RS05835	64.550	2347	8.89e-110
group_616	gene-BB_RS04720	89.782	597	0.0
sbcC	gene-BB_RS04205	98.751	2883	0.0
group_867	gene-BB_RS00730	100.000	213	2.36e-108
group_868	gene-BB_RS01465	100.000	258	1.08e-132
group_870	gene-BB_RS01465	99.429	175	4.14e-85
group_851	gene-BB_RS05405	100.000	723	0.0
group_168	gene-BB_RS04185	97.868	516	0.0
group_496	gene-BB_RS07545	90.032	622	0.0
group_409	gene-BB_RS05835	65.750	1927	3.37e-117
group_493	gene-BB_RS07420	99.538	865	0.0
group_248	gene-BB_RS07665	96.860	414	0.0
group_712	gene-BB_RS07775	98.558	208	3.18e-100
group_699	gene-BB_RS04280	99.187	123	3.89e-58
group_412	gene-BB_RS05835	70.600	483	1.66e-60
group_420	gene-BB_RS05835	71.230	504	3.01e-62
group_674	gene-BB_RS07370	88.732	71	2.45e-19
cheA	gene-BB_RS03390	99.615	2598	0.0
mgsA	gene-BB_RS01790	99.213	381	0.0
group_302	gene-BB_RS00755	94.107	1137	0.0
secA	gene-BB_RS00750	93.961	2699	0.0
sod	gene-BB_RS00745	97.549	612	0.0
prfB	gene-BB_RS00365	99.058	1062	0.0
guaA	gene-BB_RS05560	96.875	1536	0.0
group_871	gene-BB_RS06090	100.000	52	4.65e-21
group_368	gene-BB_RS04375	96.349	630	0.0
group_238	gene-BB_RS06190	80.387	413	1.08e-106
dbpA	gene-BB_RS05215	83.842	557	3.14e-169
group_841	gene-BB_RS05360	97.561	246	4.68e-118
group_441	gene-BB_RS06880	79.323	1093	0.0
group_399	gene-BB_RS06750	97.149	456	0.0
group_418	gene-BB_RS05835	68.302	795	4.64e-72
group_872	gene-BB_RS06495	100.000	471	0.0
group_873	gene-BB_RS06285	99.583	240	2.52e-121
yeeA	gene-BB_RS04335	96.873	3837	0.0
tnpB	gene-BB_RS04515	96.922	1137	0.0
group_116	gene-BB_RS05790	65.696	962	1.09e-51
group_550	gene-BB_RS05785	67.735	468	7.20e-38
group_316	gene-BB_RS07055	68.541	747	3.73e-68
group_610	gene-BB_RS07930	86.517	89	9.89e-24
group_680	gene-BB_RS07405	83.516	91	1.54e-21
yidD	gene-BB_RS00705	99.656	291	6.36e-149
group_723	gene-BB_RS02765	99.475	381	0.0
cutS	gene-BB_RS02785	99.145	468	0.0
group_847	gene-BB_RS05120	99.177	486	0.0
group_813	gene-BB_RS07955	99.177	243	7.31e-122
group_686	gene-BB_RS04820	98.889	360	0.0
group_675	gene-BB_RS04830	99.425	174	1.19e-85
bppA	gene-BB_RS06525	99.744	390	0.0
group_779	gene-BB_RS05635	100.000	207	4.80e-105
revA	gene-BB_RS05465	100.000	528	0.0
group_55	gene-BB_RS05445	83.333	72	1.20e-13
group_363	gene-BB_RS05795	100.000	125	1.40e-60
group_155	gene-BB_RS05110	98.051	513	0.0
group_494	gene-BB_RS04660	83.361	601	5.45e-175
group_874	gene-BB_RS06080	96.871	735	0.0
group_605	gene-BB_RS07375	79.630	378	9.29e-92
group_509	gene-BB_RS06770	99.894	942	0.0
repU	gene-BB_RS07570	81.132	742	0.0
group_111	gene-BB_RS05040	99.731	1116	0.0
group_34	gene-BB_RS01110	98.596	285	7.13e-142
group_725	gene-BB_RS02025	98.889	630	0.0
hMG1	gene-BB_RS03470	98.188	1269	0.0
adeC	gene-BB_RS04385	98.913	276	4.35e-138
cdsC	gene-BB_RS07730	98.542	480	0.0
group_79	gene-BB_RS04655	70.401	723	1.99e-87
group_539	gene-BB_RS04665	95.052	768	0.0
group_661	gene-BB_RS07405	82.857	175	1.21e-47
group_799	gene-BB_RS05535	99.081	762	0.0
group_319	gene-BB_RS04870	91.406	384	7.50e-156
group_7	gene-BB_RS05440	83.287	359	4.10e-104
group_224	gene-BB_RS06460	98.162	816	0.0
group_438	gene-BB_RS07750	74.118	170	1.21e-22
group_426	gene-BB_RS05835	94.687	4404	0.0
fieF	gene-BB_RS03110	99.192	1362	0.0
rpsC	gene-BB_RS02445	99.206	882	0.0
fliZ	gene-BB_RS01370	96.172	627	0.0
group_822	gene-BB_RS05400	98.737	792	0.0
group_89	gene-BB_RS07635	98.413	567	0.0
group_473	gene-BB_RS06285	98.431	765	0.0
mlp10~~~mlpH~~~mlpD	gene-BB_RS07035	97.987	447	0.0
group_492	gene-BB_RS07415	98.198	555	0.0
group_194	gene-BB_RS04875	94.241	382	6.96e-169
group_463	gene-BB_RS05685	99.259	270	1.83e-136
group_419	gene-BB_RS05835	69.127	1111	2.48e-118
group_413	gene-BB_RS05835	71.084	498	3.01e-62
group_361	gene-BB_RS04730	65.988	491	9.17e-26
group_8	gene-BB_RS03715	76.404	267	3.64e-51
group_146	gene-BB_RS04725	85.404	1014	0.0
mlpG~~~mlpC	gene-BB_RS06195	93.902	410	3.99e-179
group_442	gene-BB_RS07300	88.153	498	1.35e-180
group_514	gene-BB_RS06325	98.368	429	0.0
group_150	gene-BB_RS00435	99.590	976	0.0
group_724	gene-BB_RS01320	98.020	303	6.64e-149
coaE	gene-BB_RS02745	98.544	618	0.0
group_495	gene-BB_RS06615	79.835	486	2.25e-119
group_480	gene-BB_RS06135	99.488	391	0.0
group_291	gene-BB_RS06245	84.071	339	1.63e-104
group_704	gene-BB_RS06385	98.824	85	1.37e-36
group_541	gene-BB_RS04495	89.080	348	8.57e-130
group_527	gene-BB_RS05620	96.078	357	1.18e-166
group_94	gene-BB_RS07930	98.374	123	4.73e-57
group_768	gene-BB_RS04445	98.969	582	0.0
group_119	gene-BB_RS04505	98.962	867	0.0
group_256	gene-BB_RS04510	97.466	513	0.0
group_778	gene-BB_RS04625	97.333	375	0.0
group_217	gene-BB_RS04430	91.848	368	1.57e-151
group_528	gene-BB_RS04795	99.032	723	0.0
group_287	gene-BB_RS04985	98.029	558	0.0
yfmG	gene-BB_RS00160	97.436	1482	0.0
group_875	gene-BB_RS05990	89.474	114	4.28e-33
group_367	gene-BB_RS07575	78.924	669	1.85e-166
group_774	gene-BB_RS04960	99.523	838	0.0
group_22	gene-BB_RS05835	69.601	727	4.08e-80
group_220	gene-BB_RS04405	92.835	963	0.0
rpmB	gene-BB_RS01725	98.566	279	1.26e-138
bptA	gene-BB_RS03355	99.270	411	0.0
mlp9	gene-BB_RS07575	83.876	645	0.0
group_207	gene-BB_RS06035	76.943	1171	0.0
group_209	gene-BB_RS04455	96.809	564	0.0
group_353	gene-BB_RS04460	94.199	1086	0.0
tnpB~~~insQ	gene-BB_RS04515	98.765	1134	0.0
group_497	gene-BB_RS04665	84.751	623	0.0
group_795	gene-BB_RS05555	99.459	185	1.94e-91
group_318	gene-BB_RS07115	95.954	692	0.0
ykwD	gene-BB_RS03495	97.009	468	0.0
group_215	gene-BB_RS03380	96.558	552	0.0
amiC	gene-BB_RS03375	97.297	999	0.0
group_239	gene-BB_RS03370	96.458	960	0.0
group_192	gene-BB_RS02195	98.667	300	5.40e-150
rsmE2	gene-BB_RS01760	99.317	732	0.0
group_175	gene-BB_RS00620	98.366	612	0.0
group_325	gene-BB_RS00615	94.744	723	0.0
group_231	gene-BB_RS00610	95.341	279	3.86e-126
group_800	gene-BB_RS05525	99.032	930	0.0
group_59	gene-BB_RS06275	78.947	152	5.68e-32
group_370	gene-BB_RS05460	88.621	290	1.71e-105
group_598	gene-BB_RS06385	84.018	219	5.67e-63
group_578	gene-BB_RS04335	92.551	537	0.0
group_752	gene-BB_RS05010	81.333	225	1.95e-54
group_761	gene-BB_RS07335	95.565	248	4.44e-112
group_534	gene-BB_RS05455	77.258	299	4.05e-60
group_246	gene-BB_RS05040	68.467	1037	1.40e-94
group_404	gene-BB_RS04640	87.879	297	7.51e-104
group_633	gene-BB_RS04640	96.024	327	4.86e-151
group_339	gene-BB_RS04645	93.931	346	3.07e-151
group_639	gene-BB_RS04650	91.065	291	1.24e-113
group_701	gene-BB_RS04655	87.179	117	2.31e-35
group_764	gene-BB_RS04700	99.517	207	1.76e-103
group_2	gene-BB_RS05060	85.088	114	2.43e-29
group_230	gene-BB_RS04730	98.893	813	0.0
group_466	gene-BB_RS07360	98.246	285	3.03e-140
group_770	gene-BB_RS04375	75.649	616	2.11e-121
group_471	gene-BB_RS06090	97.917	384	0.0
vlsE1	gene-BB_RS05835	92.518	2486	0.0
group_876	gene-BB_RS06880	76.712	1095	0.0
mlpH~~~mlpF~~~mlpA	gene-BB_RS05980	90.909	440	5.97e-177
group_828	gene-BB_RS07755	98.113	159	7.71e-75
mlpI~~~mlpG	gene-BB_RS06195	93.921	329	7.62e-144
group_877	gene-BB_RS06200	97.115	104	1.15e-44
erpX	gene-BB_RS07625	95.010	1022	0.0
infB	gene-BB_RS04065	97.888	2652	0.0
group_384	gene-BB_RS04605	96.617	798	0.0
group_326	gene-BB_RS05790	94.278	1101	0.0
group_233	gene-BB_RS05785	96.970	561	0.0
group_234	gene-BB_RS05775	97.080	548	0.0
group_646	gene-BB_RS03715	80.797	276	5.87e-67
group_658	gene-BB_RS04335	90.047	211	5.71e-79
group_615	gene-BB_RS04980	74.934	379	6.71e-68
group_879	gene-BB_RS07775	91.395	337	6.04e-131
group_878	gene-BB_RS04300	93.103	232	9.62e-95
group_376	gene-BB_RS05455	76.994	539	1.21e-110
group_518	gene-BB_RS06045	96.649	567	0.0
group_510	gene-BB_RS04430	98.843	864	0.0
group_744	gene-BB_RS05835	64.534	2938	1.16e-136
tM2	gene-BB_RS07360	95.088	285	2.66e-128
group_880	gene-BB_RS06465	77.626	514	2.49e-119
yifB	gene-BB_RS00420	99.805	1539	0.0
group_407	gene-BB_RS05835	66.678	2941	0.0
group_346	gene-BB_RS07570	84.712	713	0.0
group_406	gene-BB_RS05840	69.946	559	3.76e-61
group_408	gene-BB_RS05835	66.999	1706	2.34e-139
group_415	gene-BB_RS05835	73.478	460	4.96e-72
yajL	gene-BB_RS03140	99.459	555	0.0
tadD	gene-BB_RS02720	100.000	528	0.0
gatC	gene-BB_RS01690	98.913	276	4.35e-138
group_266	gene-BB_RS06835	96.403	1112	0.0
group_881	gene-BB_RS06860	95.890	219	5.55e-91
group_422	gene-BB_RS05840	67.589	1012	1.76e-93
group_421	gene-BB_RS05840	68.025	638	2.28e-56
group_414	gene-BB_RS05835	70.916	502	3.69e-61
group_395	gene-BB_RS05835	83.436	163	1.29e-42
rnmV	gene-BB_RS03170	99.160	357	0.0
bdrH~~~repU~~~bdrW	gene-BB_RS07570	86.774	620	0.0
group_464	gene-BB_RS04585	97.253	546	0.0
group_829	gene-BB_RS05420	99.439	891	0.0
